{
    "network_file": "optimization_cases/medium_complex/network_file_4.json",
    "config_file": "optimization_cases/medium_complex/config_file.json",
    "ad_method": "backward",
    "upper_speeds": [
        50.0,
        50.0,
        50.0,
        50.0,
        50.0,
        50.0,
        50.0,
        50.0
    ],
    "lower_speeds": [
        20.0,
        20.0,
        20.0,
        20.0,
        20.0,
        20.0,
        20.0,
        20.0
    ],
    "upper_time": 200.0,
    "lower_time": 10.0,
    "n_speeds": [
        1,
        1,
        1,
        1,
        1,
        1,
        1,
        1
    ],
    "last_speed_idx": 8,
    "n_cycles": [
        2
    ],
    "control_points": [
        [],
        [],
        [],
        [],
        [],
        [],
        [],
        [],
        []
    ],
    "parameters": [
        [
            40.0,
            40.0,
            40.0,
            40.0,
            40.0,
            40.0,
            40.0,
            40.0,
            60.0,
            60.0
        ],
        [
            49.04366287822619,
            50.0,
            50.0,
            39.367254503140636,
            40.24636684443776,
            44.86083818058436,
            39.66675866734503,
            46.40228007675737,
            60.0,
            59.965296570760884
        ],
        [
            50.0,
            50.0,
            50.0,
            30.539745434288243,
            50.0,
            50.0,
            40.524801725492246,
            50.0,
            60.0,
            39.965296570760884
        ],
        [
            50.0,
            50.0,
            50.0,
            26.232780481070314,
            46.261364735210925,
            50.0,
            50.0,
            50.0,
            60.0,
            39.84944413097603
        ],
        [
            50.0,
            50.0,
            50.0,
            46.232780481070314,
            49.10508602250012,
            50.0,
            49.816409994596235,
            47.60995713231205,
            60.0,
            32.39738346047895
        ],
        [
            50.0,
            50.0,
            50.0,
            50.0,
            50.0,
            50.0,
            50.0,
            50.0,
            60.0,
            12.397383460478949
        ],
        [
            50.0,
            50.0,
            50.0,
            50.0,
            50.0,
            50.0,
            50.0,
            50.0,
            60.0,
            10.0
        ],
        [
            50.0,
            50.0,
            50.0,
            30.0,
            50.0,
            50.0,
            50.0,
            50.0,
            60.0,
            10.0
        ],
        [
            50.0,
            50.0,
            50.0,
            25.0,
            46.677278685845906,
            50.0,
            50.0,
            50.0,
            60.0,
            10.0
        ],
        [
            50.0,
            50.0,
            50.0,
            25.625,
            46.77843014081488,
            50.0,
            49.99263360033517,
            49.95967307817361,
            60.0,
            10.0
        ],
        [
            50.0,
            50.0,
            50.0,
            25.594897253525794,
            50.0,
            50.0,
            50.0,
            50.0,
            60.0,
            10.0
        ],
        [
            50.0,
            50.0,
            50.0,
            25.594897253525794,
            50.0,
            50.0,
            50.0,
            50.0,
            60.0,
            10.0
        ]
    ],
    "gradients": [
        [
            -0.36897286772727966,
            -0.8159810304641724,
            -0.49047958850860596,
            0.025815416127443314,
            -0.010051533579826355,
            -0.19831758737564087,
            0.01359593030065298,
            -0.2612069547176361,
            5.507046814590022e-23,
            0.00039329638821072876
        ],
        [
            -0.14080352870350002,
            -0.5127297517314287,
            -0.23770842741619896,
            0.13005411644076004,
            -0.23477370747020787,
            -0.20645987187553932,
            -0.012641395316059532,
            -0.22453307429569536,
            -1.2032276830619426e-23,
            0.08184900898768081
        ],
        [
            -0.20626645299234786,
            -0.22979054594490356,
            -0.1060096951601507,
            0.0664810942044954,
            0.057708517699682965,
            -0.24142968366167436,
            -0.30871434955524474,
            -0.1634916161359331,
            1.8739333421210147e-24,
            0.0004967404248968011
        ],
        [
            -0.25947613175729717,
            -0.2704913181183044,
            -0.3453467704355824,
            -1.0827654200636718,
            -0.15395415370878418,
            -0.09486644703304781,
            0.009939245466024973,
            0.12939278848011643,
            -6.253686825438791e-24,
            0.11206713336431585
        ],
        [
            -0.2334385230065216,
            -0.1918761842989789,
            -0.2207790508459602,
            -0.25191662778654417,
            -0.15624874998247634,
            -0.14446089861911265,
            -0.015145462358170802,
            -0.18046320934395993,
            -9.814328709839286e-24,
            0.07946152647771608
        ],
        [
            -0.26474529648489065,
            -0.5698378634206729,
            -0.4015979977279079,
            -0.1677341053804326,
            -0.03598254980096248,
            -0.148789195714345,
            -0.002437456416998092,
            -0.03747124631060759,
            -5.868399602066937e-24,
            0.07692595480394582
        ],
        [
            -0.2632984219588724,
            -0.664913705325608,
            -0.1815109296242233,
            0.03740819725954454,
            -0.009908508086625661,
            -0.2882884278721629,
            -0.24210450402926337,
            -0.13914262269970612,
            2.433544561387588e-24,
            0.0019428011485138302
        ],
        [
            -0.2568937522462263,
            -0.6344145347411508,
            -0.24198026195902922,
            0.04011432250433636,
            0.026657742877601948,
            -0.23556211203621513,
            -0.1802504500833559,
            -0.14945954581754517,
            2.4335450421389273e-24,
            0.001463383876670604
        ],
        [
            -0.2428760525928686,
            -0.542450057307674,
            -0.4399963760947103,
            -0.9343885524717097,
            -0.15122361854218822,
            -0.06539197406696076,
            0.011012927231602115,
            0.060289622577597776,
            -8.507108615737261e-24,
            0.08033305812200392
        ],
        [
            -0.2084208311515897,
            -0.5671978261187072,
            -0.31769707035079314,
            0.0011269180769219829,
            -0.15065246921673695,
            -0.09710341871968742,
            -0.004645193216045066,
            -0.18717861472999564,
            1.1913478453574557e-24,
            0.0006293246826869664
        ],
        [
            -0.2559579787853194,
            -0.6255465676182109,
            -0.38413703141957983,
            0.009977305643454294,
            0.012449966021896713,
            -0.16089915017024808,
            -0.0051234541171032225,
            -0.1445687591067899,
            1.1913476129835056e-24,
            0.0007025963548204501
        ],
        [
            0.0,
            0.0,
            0.0,
            4.583510936508396e-06,
            5.719435432747241e-06,
            0.0,
            0.0,
            0.0,
            1.1913476129835056e-24,
            0.0
        ]
    ],