{
    "network_file": "optimization_cases/medium_complex/network_file_3.json",
    "config_file": "optimization_cases/medium_complex/config_file.json",
    "ad_method": "backward",
    "upper_speeds": [
        50.0,
        50.0,
        50.0,
        50.0,
        50.0,
        50.0,
        50.0,
        50.0
    ],
    "lower_speeds": [
        20.0,
        20.0,
        20.0,
        20.0,
        20.0,
        20.0,
        20.0,
        20.0
    ],
    "upper_time": 200.0,
    "lower_time": 10.0,
    "n_speeds": [
        1,
        1,
        1,
        1,
        1,
        1,
        1,
        1
    ],
    "last_speed_idx": 8,
    "n_cycles": [
        2
    ],
    "control_points": [
        [],
        [],
        [],
        [],
        [],
        [],
        [],
        [],
        []
    ],
    "parameters": [
        [
            35.0,
            35.0,
            35.0,
            35.0,
            35.0,
            35.0,
            35.0,
            35.0,
            120.0,
            120.0
        ],
        [
            34.96006299759631,
            36.67706752407439,
            35.19286408290038,
            29.311728745816062,
            34.635994801304555,
            50.0,
            35.190746973413646,
            36.13547056288288,
            120.0,
            119.96250679755697
        ],
        [
            34.63773346549635,
            46.67706752407439,
            37.48422452754045,
            28.983731466626306,
            38.20736398039419,
            50.0,
            37.47793076388344,
            40.722554265982666,
            120.0,
            119.98991934687835
        ],
        [
            34.63773346549635,
            46.67706752407439,
            37.48422452754045,
            28.983731466626306,
            38.20736398039419,
            50.0,
            37.47793076388344,
            40.722554265982666,
            120.0,
            119.98991934687835
        ]
    ],
    "gradients": [
        [
            0.08881235122680664,
            -3.7294814586639404,
            -0.4288932979106903,
            12.649641036987305,
            0.8094788193702698,
            -44.47622299194336,
            -0.42418524622917175,
            -2.5250720977783203,
            0.0,
            0.023160500451922417
        ],
        [
            0.039877228704567724,
            -1.2371571554356326,
            -0.2834772969768634,
            0.04057841809130269,
            -0.4418344934613023,
            -0.2048100669555828,
            -0.2829605792176106,
            -0.567494342587208,
            1.57377011352663e-48,
            -0.0002616792557228163
        ],
        [
            0.006612109009026349,
            -1.3668718765136691,
            0.00044738529217830993,
            0.026044262987011457,
            -0.33594538808393953,
            -0.24971644781855906,
            -0.022314882569850633,
            -0.41579856534493237,
            6.209393501446788e-49,
            -0.0004920401915094761
        ],
        [
            1.0935219401052164e-05,
            -0.0022605561769172716,
            7.398934772695231e-07,
            4.307244927645409e-05,
            -0.0005555922505897173,
            0.0,
            -3.690473591359677e-05,
            -0.0006876548061265399,
            6.209393501446788e-49,
            -0.0004920401915094761
        ]
    ],
    "objectives": [
        127.06281280517578,
        96.83355908262723,
        95.85647965504776,
        95.85647965504776
    ]
}