{
    "network_file": "optimization_cases/medium_complex/network_file_1.json",
    "config_file": "optimization_cases/medium_complex/config_file.json",
    "ad_method": "backward",
    "upper_speeds": [
        50.0,
        50.0,
        50.0,
        50.0,
        50.0,
        50.0,
        50.0,
        50.0
    ],
    "lower_speeds": [
        20.0,
        20.0,
        20.0,
        20.0,
        20.0,
        20.0,
        20.0,
        20.0
    ],
    "upper_time": 200.0,
    "lower_time": 10.0,
    "n_speeds": [
        1,
        1,
        1,
        1,
        1,
        1,
        1,
        1
    ],
    "last_speed_idx": 8,
    "n_cycles": [
        2
    ],
    "control_points": [
        [],
        [],
        [],
        [],
        [],
        [],
        [],
        [],
        []
    ],
    "parameters": [
        [
            50.0,
            50.0,
            50.0,
            50.0,
            50.0,
            50.0,
            50.0,
            50.0,
            30.0,
            30.0
        ],
        [
            50.0,
            50.0,
            48.338858282090456,
            40.61662733291039,
            47.70906622232362,
            38.92197185194323,
            48.91313016892913,
            45.873193493923395,
            10.0,
            43.79361414588361
        ],
        [
            44.86079171970489,
            43.35218435337092,
            46.40903947678327,
            44.06158388908567,
            50.0,
            20.0,
            50.0,
            50.0,
            10.0,
            34.58421938241799
        ],
        [
            42.44009866569637,
            50.0,
            46.482927987004786,
            50.0,
            48.13317017449499,
            20.0,
            48.63671479053995,
            50.0,
            10.0,
            54.58421938241799
        ],
        [
            41.14643018627319,
            50.0,
            47.115312411827524,
            50.0,
            47.79852654470853,
            20.0,
            48.5445042285643,
            47.44980177703807,
            10.841188612039648,
            64.58421938241798
        ],
        [
            41.14643018627319,
            50.0,
            47.115312411827524,
            50.0,
            47.79852654470853,
            20.0,
            48.5445042285643,
            47.44980177703807,
            10.841188612039648,
            64.58421938241798
        ]
    ],
    "gradients": [
        [
            -0.262962281703949,
            -0.31445181369781494,
            0.7674100995063782,
            4.334907054901123,
            1.0583598613739014,
            5.117799758911133,
            0.5021094083786011,
            1.906491756439209,
            2.5665416717529297,
            -1.7700942754745483
        ],
        [
            3.805829038773437,
            4.923024803131842,
            1.429122940389451,
            -2.5511547662068947,
            -4.501739091068579,
            14.810954649827488,
            -1.6065995425103392,
            -3.1477068690133265,
            4.157464094445882,
            1.8944434471395557
        ],
        [
            1.0962752863441225,
            -4.335387812435237,
            -0.033462378704519846,
            -3.7347823714040222,
            0.845443579937685,
            31.068152484186378,
            0.6173999966227284,
            -0.502424100924676,
            0.5149540620642431,
            -2.5159812176029437
        ],
        [
            2.019920763529462,
            -2.000036161834329,
            -0.9873985882392701,
            -1.7057499847554807,
            0.5225091489358575,
            22.647673219153887,
            0.1439766305772352,
            3.9818534838025634,
            -0.1013443916341453,
            -1.2047760773700118
        ],
        [
            1.2300029374498516,
            -1.3952726653756615,
            -1.7891605133562198,
            -1.4602714973585877,
            0.9377796453808493,
            22.129481499357528,
            0.10385499531699864,
            2.3295878339655216,
            -0.8411975621842179,
            -1.2495656730565126
        ],
        [
            0.002034199975619182,
            0.0,
            -0.0029589443747132602,
            0.0,
            0.0015509160780745408,
            0.0,
            0.00017175717432006715,
            0.0038527123560211938,
            -0.8411975621842179,
            -1.2495656730565126
        ]
    ],
    "objectives": [
        -875.9207763671875,
        -1011.4163583262098,
        -1146.5044769525225,
        -1155.9190494774123,
        -1158.3393162648902,
        -1158.3393162648902
    ]
}