{
    "network_file": "optimization_cases/medium_complex/network_file_1.json",
    "config_file": "optimization_cases/medium_complex/config_file.json",
    "ad_method": "backward",
    "upper_speeds": [
        50.0,
        50.0,
        50.0,
        50.0,
        50.0,
        50.0,
        50.0,
        50.0
    ],
    "lower_speeds": [
        20.0,
        20.0,
        20.0,
        20.0,
        20.0,
        20.0,
        20.0,
        20.0
    ],
    "upper_time": 200.0,
    "lower_time": 10.0,
    "n_speeds": [
        1,
        1,
        1,
        1,
        1,
        1,
        1,
        1
    ],
    "last_speed_idx": 8,
    "n_cycles": [
        2
    ],
    "control_points": [
        [],
        [],
        [],
        [],
        [],
        [],
        [],
        [],
        []
    ],
    "parameters": [
        [
            50.0,
            50.0,
            50.0,
            50.0,
            50.0,
            50.0,
            50.0,
            50.0,
            30.0,
            30.0
        ],
        [
            39.86840741438192,
            50.0,
            50.0,
            50.0,
            50.0,
            50.0,
            50.0,
            50.0,
            50.0,
            32.552241188697636
        ],
        [
            50.0,
            45.47487576234379,
            50.0,
            50.0,
            50.0,
            50.0,
            50.0,
            50.0,
            61.308266295378196,
            14.320686424404265
        ],
        [
            40.7448237962933,
            50.0,
            50.0,
            50.0,
            44.86464603090566,
            50.0,
            50.0,
            50.0,
            68.36050859095761,
            23.58634450600332
        ],
        [
            43.326871428420176,
            49.27348526978059,
            50.0,
            50.0,
            43.10119669775258,
            50.0,
            50.0,
            50.0,
            75.26292907384168,
            13.586344506003321
        ],
        [
            43.3281131174911,
            49.28419286103021,
            49.999409537428605,
            50.0,
            43.09769373788172,
            50.0,
            50.0,
            50.0,
            76.09963508739455,
            14.836344506003321
        ],
        [
            43.44985920840742,
            49.94598182739766,
            50.0,
            50.0,
            42.82591001151601,
            50.0,
            50.0,
            50.0,
            81.09963508739455,
            16.63848510982358
        ],
        [
            43.47226814883159,
            50.0,
            50.0,
            50.0,
            42.756431627374894,
            50.0,
            50.0,
            50.0,
            83.59963508739455,
            15.874537645677833
        ],
        [
            43.496326368481064,
            49.992271246507585,
            50.0,
            50.0,
            42.698619130628785,
            50.0,
            50.0,
            50.0,
            86.09963508739455,
            14.929342684390381
        ],
        [
            43.5309745922479,
            50.0,
            50.0,
            50.0,
            42.641150020828064,
            50.0,
            50.0,
            50.0,
            88.59963508739455,
            13.468000588120487
        ],
        [
            43.563139145539694,
            50.0,
            50.0,
            50.0,
            42.58620156098227,
            50.0,
            50.0,
            50.0,
            91.09963508739455,
            14.685518246121125
        ],
        [
            43.56679846165577,
            50.0,
            50.0,
            50.0,
            42.576728037329914,
            50.0,
            50.0,
            50.0,
            92.34963508739455,
            14.79289161884418
        ],
        [
            43.57064210994114,
            50.0,
            50.0,
            50.0,
            42.5667585600723,
            50.0,
            50.0,
            50.0,
            93.59963508739455,
            14.791832313807955
        ],
        [
            43.57121578803855,
            50.0,
            50.0,
            50.0,
            42.565280935115794,
            50.0,
            50.0,
            50.0,
            94.22463508739455,
            14.753542450193581
        ],
        [
            43.5718521840662,
            50.0,
            50.0,
            50.0,
            42.56375074972637,
            50.0,
            50.0,
            50.0,
            94.84963508739455,
            14.650012077116148
        ],
        [
            43.572412759055844,
            50.0,
            50.0,
            50.0,
            42.562128018444795,
            50.0,
            50.0,
            50.0,
            95.47463508739455,
            14.639978411186654
        ],
        [
            43.57297310043123,
            50.0,
            50.0,
            50.0,
            42.56042811025208,
            50.0,
            50.0,
            50.0,
            96.09963508739455,
            14.623902552284402
        ],
        [
            43.573683645821816,
            50.0,
            50.0,
            50.0,
            42.55863762194343,
            50.0,
            50.0,
            50.0,
            96.72463508739455,
            14.544316710606273
        ],
        [
            43.57379257334498,
            50.0,
            50.0,
            50.0,
            42.55847797938082,
            50.0,
            50.0,
            50.0,
            96.92292600900484,
            14.231816710606273
        ],
        [
            43.573875290077815,
            50.0,
            50.0,
            50.0,
            42.55824030157499,
            50.0,
            50.0,
            50.0,
            97.23542600900484,
            14.320158213515695
        ],
        [
            43.57398793586454,
            50.0,
            50.0,
            50.0,
            42.557995150006874,
            50.0,
            50.0,
            50.0,
            97.54792600900484,
            14.051211164309333
        ],
        [
            43.57398793586454,
            50.0,
            50.0,
            50.0,
            42.557995150006874,
            50.0,
            50.0,
            50.0,
            97.54792600900484,
            14.051211164309333
        ]
    ],