{
    "network_file": "optimization_cases/medium_complex/network_file.json",
    "config_file": "optimization_cases/medium_complex/config_file.json",
    "ad_method": "backward",
    "upper_speeds": [
        50.0,
        50.0,
        50.0,
        50.0,
        50.0,
        50.0,
        50.0,
        50.0
    ],
    "lower_speeds": [
        20.0,
        20.0,
        20.0,
        20.0,
        20.0,
        20.0,
        20.0,
        20.0
    ],
    "upper_time": 200.0,
    "lower_time": 10.0,
    "n_speeds": [
        1,
        1,
        1,
        1,
        1,
        1,
        1,
        1
    ],
    "last_speed_idx": 8,
    "n_cycles": [
        2
    ],
    "control_points": [
        [],
        [],
        [],
        [],
        [],
        [],
        [],
        [],
        []
    ],
    "parameters": [
        [
            40.0,
            40.0,
            40.0,
            40.0,
            40.0,
            40.0,
            40.0,
            40.0,
            60.0,
            60.0
        ],
        [
            44.9339896695005,
            50.0,
            45.584365983959216,
            47.569769270278556,
            37.458164341037545,
            50.0,
            39.91086889617559,
            41.20928813550716,
            60.0,
            51.544271948582654
        ],
        [
            50.0,
            50.0,
            50.0,
            39.81532089691753,
            49.28835186225493,
            50.0,
            50.0,
            50.0,
            60.0,
            36.98415752191062
        ],
        [
            50.0,
            50.0,
            50.0,
            50.0,
            50.0,
            50.0,
            49.94804482926936,
            42.741281179082385,
            60.0,
            21.119618023352764
        ],
        [
            50.0,
            50.0,
            50.0,
            50.0,
            50.0,
            50.0,
            50.0,
            46.586054251409045,
            60.0,
            10.0
        ],
        [
            50.0,
            50.0,
            50.0,
            50.0,
            50.0,
            50.0,
            49.61904796474697,
            50.0,
            60.0,
            10.0
        ],
        [
            50.0,
            50.0,
            50.0,
            50.0,
            50.0,
            50.0,
            49.61904796474697,
            50.0,
            60.0,
            10.0
        ]
    ],
    "gradients": [
        [
            -0.3706875741481781,
            -1.5025875568389893,
            -0.41954994201660156,
            -0.568712055683136,
            0.19096653163433075,
            -0.8543596863746643,
            0.006696364376693964,
            -0.09085306525230408,
            3.8247955068431863e-22,
            0.17646488547325134
        ],
        [
            -0.21585338400143506,
            -0.5570747040943479,
            -0.09877486837906467,
            0.1592359307798299,
            -0.24293035823313916,
            -0.10055654062810268,
            -0.41069570164876046,
            -0.2989167926059485,
            -1.8555171845353075e-23,
            0.08305245014650434
        ],
        [
            -0.08997634584834187,
            -0.5081772037368701,
            -0.12769107469549804,
            -0.9961129672824786,
            -0.1292651185598876,
            -0.1689362748214506,
            0.002587660964108321,
            0.3615251971686709,
            5.700890069210081e-23,
            0.21948435436775762
        ],
        [
            -0.42104664130471703,
            -0.835638655656795,
            -0.44777197905357385,
            -0.5269024149828162,
            -0.006864037407828441,
            -0.16485275788972442,
            -0.006397355875171757,
            -0.1401152580577224,
            4.523304207712981e-23,
            0.20246138996432925
        ],
        [
            -0.44474038046705816,
            -1.0141921616832257,
            -0.2915693135223893,
            -0.2665697773429462,
            -0.042971085883252276,
            -0.11993260634278721,
            0.0032907184698413683,
            -0.17276287644220895,
            2.3828264258568315e-23,
            0.12908875077743723
        ],
        [
            -0.4402329452788168,
            -1.0776423071430725,
            -0.36884923822027327,
            -0.4034507691798188,
            -0.03851288534458455,
            -0.12005379236161759,
            -0.005402119420142906,
            0.1473311464192274,
            2.3940315213521528e-23,
            0.1299885394931331
        ],
        [
            0.0,
            0.0,
            0.0,
            0.0,
            0.0,
            0.0,
            -8.93411784489713e-06,
            0.00024365877944592916,
            2.3940315213521528e-23,
            0.0
        ]
    ],
    "objectives": [
        76.28507995605469,
        69.25422112464132,
        56.36188767042682,
        46.71902296860022,
        38.59010503167597,
        38.441515664956604,
        38.441515664956604
    ]
}