{
    "network_file": "optimization_cases/medium_complex/network_file_2.json",
    "config_file": "optimization_cases/medium_complex/config_file.json",
    "ad_method": "backward",
    "upper_speeds": [
        50.0,
        50.0,
        50.0,
        50.0,
        50.0,
        50.0,
        50.0,
        50.0
    ],
    "lower_speeds": [
        20.0,
        20.0,
        20.0,
        20.0,
        20.0,
        20.0,
        20.0,
        20.0
    ],
    "upper_time": 200.0,
    "lower_time": 10.0,
    "n_speeds": [
        1,
        1,
        1,
        1,
        1,
        1,
        1,
        1
    ],
    "last_speed_idx": 8,
    "n_cycles": [
        2
    ],
    "control_points": [
        [],
        [],
        [],
        [],
        [],
        [],
        [],
        [],
        []
    ],
    "parameters": [
        [
            35.0,
            35.0,
            35.0,
            35.0,
            35.0,
            35.0,
            35.0,
            35.0,
            50.0,
            100.0
        ],
        [
            41.11367444267409,
            42.678191546498695,
            39.88589216883583,
            40.84311737999394,
            40.51389026931586,
            50.0,
            35.528475631975205,
            26.340738022294218,
            50.000000553535905,
            100.09524785783884
        ],
        [
            41.11367444267409,
            42.678191546498695,
            39.88589216883583,
            40.84311737999394,
            40.51389026931586,
            50.0,
            35.528475631975205,
            26.340738022294218,
            50.000000553535905,
            100.09524785783884
        ]
    ],
    "gradients": [
        [
            -4.939335823059082,
            -6.203334331512451,
            -3.9473907947540283,
            -4.720748424530029,
            -4.454760551452637,
            -16.158321380615234,
            -0.4269639551639557,
            6.995956897735596,
            -1.2422515283105895e-07,
            -0.021375631913542747
        ],
        [
            -4.046218966928361,
            -1.4993532566557985,
            -0.27462692686885853,
            -7.1346201260368085,
            -0.21496261088965024,
            -0.16351545038369822,
            -0.025680979544950886,
            -0.33992384092953865,
            -1.788888347971683e-16,
            -0.15160715024080146
        ],
        [
            -0.006691706396198034,
            -0.002479656157941588,
            -0.0004541827266683087,
            -0.01179935725724876,
            -0.00035550885653766196,
            0.0,
            -4.2471644882836456e-05,
            -0.0005621718842109986,
            -1.788888347971683e-16,
            -0.15160715024080146
        ]
    ],
    "objectives": [
        125.1153564453125,
        105.78177290975539,
        105.78177290975539
    ]
}