{
    "network_file": "optimization_cases/medium_complex/network_file.json",
    "config_file": "optimization_cases/medium_complex/config_file.json",
    "ad_method": "backward",
    "upper_speeds": [
        50.0,
        50.0,
        50.0,
        50.0,
        50.0,
        50.0,
        50.0,
        50.0
    ],
    "lower_speeds": [
        20.0,
        20.0,
        20.0,
        20.0,
        20.0,
        20.0,
        20.0,
        20.0
    ],
    "upper_time": 200.0,
    "lower_time": 10.0,
    "n_speeds": [
        1,
        1,
        1,
        1,
        1,
        1,
        1,
        1
    ],
    "last_speed_idx": 8,
    "n_cycles": [
        2
    ],
    "control_points": [
        [],
        [],
        [],
        [],
        [],
        [],
        [],
        [],
        []
    ],
    "parameters": [
        [
            40.0,
            40.0,
            40.0,
            40.0,
            40.0,
            40.0,
            40.0,
            40.0,
            60.0,
            60.0
        ],
        [
            44.730760789650446,
            50.0,
            43.49743941662615,
            39.952006354753465,
            40.0520967930619,
            42.202124389944,
            41.758283574647876,
            44.09664066203299,
            60.23405360416276,
            60.0
        ],
        [
            50.0,
            50.0,
            44.17543024451664,
            39.522959976225025,
            50.0,
            50.0,
            42.25168805085319,
            50.0,
            60.8647276762836,
            60.0
        ],
        [
            50.0,
            50.0,
            44.17543024451664,
            39.522959976225025,
            50.0,
            50.0,
            42.25168805085319,
            50.0,
            60.8647276762836,
            60.0
        ]
    ],
    "gradients": [
        [
            -0.25477713346481323,
            -1.0771085023880005,
            -0.18835608661174774,
            0.00258471816778183,
            -0.0028056949377059937,
            -0.11859634518623352,
            -0.09469310939311981,
            -0.2206263244152069,
            -0.003501404542475939,
            8.902602971172154e-25
        ],
        [
            -0.17215752119296016,
            -0.7565696782102584,
            -0.011059399113833883,
            0.006998612581905761,
            -0.22199222164046334,
            -0.18499824050951286,
            -0.008048423079534786,
            -0.3262403755001884,
            -0.0028576575848185525,
            4.016967308137818e-27
        ],
        [
            -0.2906944755073004,
            -0.8258776114667712,
            -0.005041012167418636,
            0.004024994095436572,
            0.002687804435290486,
            -0.06329603579996268,
            -0.004460271892102735,
            -0.11627348637415669,
            -0.001539931219068063,
            6.007145276383128e-27
        ],
        [
            0.0,
            0.0,
            -8.336912470566414e-06,
            6.65660433931951e-06,
            4.445137121438746e-06,
            0.0,
            -7.37647423263997e-06,
            0.0,
            -0.001539931219068063,
            6.007145276383128e-27
        ]
    ],
    "objectives": [
        50.24661636352539,
        48.375429211246825,
        47.002560122791955,
        47.002560122791955
    ]
}