{
    "network_file": "optimization_cases/medium_complex/network_file_1.json",
    "config_file": "optimization_cases/medium_complex/config_file.json",
    "ad_method": "backward",
    "upper_speeds": [
        50.0,
        50.0,
        50.0,
        50.0,
        50.0,
        50.0,
        50.0,
        50.0
    ],
    "lower_speeds": [
        20.0,
        20.0,
        20.0,
        20.0,
        20.0,
        20.0,
        20.0,
        20.0
    ],
    "upper_time": 200.0,
    "lower_time": 10.0,
    "n_speeds": [
        1,
        1,
        1,
        1,
        1,
        1,
        1,
        1
    ],
    "last_speed_idx": 8,
    "n_cycles": [
        2
    ],
    "control_points": [
        [],
        [],
        [],
        [],
        [],
        [],
        [],
        [],
        []
    ],
    "parameters": [
        [
            50.0,
            50.0,
            50.0,
            50.0,
            50.0,
            50.0,
            50.0,
            50.0,
            30.0,
            30.0
        ],
        [
            50.0,
            50.0,
            50.0,
            50.0,
            50.0,
            50.0,
            50.0,
            50.0,
            30.0,
            30.0
        ]
    ],
    "gradients": [
        [
            -0.15273109078407288,
            -0.41176629066467285,
            -0.1871122121810913,
            -0.18799568712711334,
            -0.01891813427209854,
            -0.08274274319410324,
            -0.09089872241020203,
            0.0671028271317482,
            -0.0037169079296290874,
            7.097068700952225e-13
        ],
        [
            0.0,
            0.0,
            0.0,
            0.0,
            0.0,
            0.0,
            0.0,
            0.00011097580758496814,
            -0.0037169079296290874,
            7.097068700952225e-13
        ]
    ],
    "objectives": [
        35.50747299194336,
        35.50747299194336
    ]
}