{
    "network_file": "optimization_cases/medium_complex/network_file_1.json",
    "config_file": "optimization_cases/medium_complex/config_file.json",
    "ad_method": "backward",
    "upper_speeds": [
        50.0,
        50.0,
        50.0,
        50.0,
        50.0,
        50.0,
        50.0,
        50.0
    ],
    "lower_speeds": [
        20.0,
        20.0,
        20.0,
        20.0,
        20.0,
        20.0,
        20.0,
        20.0
    ],
    "upper_time": 200.0,
    "lower_time": 10.0,
    "n_speeds": [
        1,
        1,
        1,
        1,
        1,
        1,
        1,
        1
    ],
    "last_speed_idx": 8,
    "n_cycles": [
        2
    ],
    "control_points": [
        [],
        [],
        [],
        [],
        [],
        [],
        [],
        [],
        []
    ],
    "parameters": [
        [
            50.0,
            50.0,
            50.0,
            50.0,
            50.0,
            50.0,
            50.0,
            50.0,
            30.0,
            30.0
        ],
        [
            50.0,
            50.0,
            50.0,
            50.0,
            50.0,
            50.0,
            50.0,
            50.0,
            30.0,
            30.0
        ]
    ],
    "gradients": [
        [
            -0.19573943689465523,
            -0.7762767225503922,
            -0.17044053959889827,
            0.005451071499919635,
            -0.24354960769414902,
            -0.24839567735361356,
            -0.27296435832977295,
            -0.14672520011663437,
            -0.011150727048515724,
            2.1291221823788176e-12
        ],
        [
            0.0,
            0.0,
            0.0,
            9.01507563487996e-06,
            0.0,
            0.0,
            0.0,
            0.0,
            -0.011150727048515724,
            2.1291221823788176e-12
        ]
    ],
    "objectives": [
        35.50747299194336,
        35.50747299194336
    ]
}