{
    "network_file": "optimization_cases/medium_complex/network_file.json",
    "config_file": "optimization_cases/medium_complex/config_file.json",
    "ad_method": "backward",
    "upper_speeds": [
        50.0,
        50.0,
        50.0,
        50.0,
        50.0,
        50.0,
        50.0,
        50.0
    ],
    "lower_speeds": [
        20.0,
        20.0,
        20.0,
        20.0,
        20.0,
        20.0,
        20.0,
        20.0
    ],
    "upper_time": 200.0,
    "lower_time": 10.0,
    "n_speeds": [
        1,
        1,
        1,
        1,
        1,
        1,
        1,
        1
    ],
    "last_speed_idx": 8,
    "n_cycles": [
        2
    ],
    "control_points": [
        [],
        [],
        [],
        [],
        [],
        [],
        [],
        [],
        []
    ],
    "parameters": [
        [
            40.0,
            40.0,
            40.0,
            40.0,
            40.0,
            40.0,
            40.0,
            40.0,
            60.0,
            60.0
        ],
        [
            46.5399890598793,
            48.27343558538452,
            49.344529763519276,
            50.0,
            34.66943574842956,
            50.0,
            50.0,
            33.581127235012815,
            60.0,
            47.42851567119452
        ],
        [
            50.0,
            50.0,
            50.0,
            50.0,
            42.521058390140965,
            50.0,
            50.0,
            43.12365109826743,
            60.0,
            27.428515671194518
        ],
        [
            50.0,
            50.0,
            50.0,
            45.196518309798066,
            50.0,
            50.0,
            50.0,
            50.0,
            60.0,
            27.18977581776037
        ],
        [
            50.0,
            50.0,
            50.0,
            50.0,
            45.764946652777205,
            50.0,
            50.0,
            43.045883866528534,
            60.0,
            10.0
        ],
        [
            50.0,
            50.0,
            50.0,
            48.0198912011406,
            50.0,
            50.0,
            47.859374094477104,
            50.0,
            60.0,
            10.0
        ],
        [
            50.0,
            50.0,
            50.0,
            46.94821971099139,
            44.371381362107364,
            50.0,
            50.0,
            49.06970512075,
            60.0,
            10.0
        ],
        [
            50.0,
            50.0,
            50.0,
            46.94821971099139,
            44.371381362107364,
            50.0,
            50.0,
            49.06970512075,
            60.0,
            10.0
        ]
    ],
    "gradients": [
        [
            -0.38731521368026733,
            -0.4899744391441345,
            -0.5534074306488037,
            -0.6735182404518127,
            0.31568992137908936,
            -1.1844521760940552,
            -0.8753538727760315,
            0.3801423907279968,
            -1.1672893459235457e-22,
            0.20681002736091614
        ],
        [
            -0.20305920352647383,
            -0.1570752530357681,
            -0.39151476438409594,
            -0.3508896516789073,
            -0.28179610628515683,
            -0.15954119787894477,
            -0.13581732596280405,
            -0.34248284609513746,
            -3.80227662815585e-23,
            0.19938985802623724
        ],
        [
            -0.3672058506999772,
            -0.5301323249176815,
            -0.16328411673975846,
            0.04349148039614126,
            -0.15566839370228688,
            -0.5290206399740712,
            -0.25053047466334427,
            -0.1810831526009748,
            2.5366678813096297e-24,
            0.0006004411848798615
        ],
        [
            -0.3148022576313604,
            -0.26546521317005844,
            -0.44884748921609857,
            -0.7860196575831644,
            0.16644175909152487,
            -0.5009782744525226,
            -0.4254421368433456,
            0.2733035991012399,
            -1.583812866411435e-23,
            0.19012233919029675
        ],
        [
            -0.4254602674523684,
            -0.4621758898835692,
            -0.22443811514910192,
            0.018169848799797845,
            -0.1582180511146781,
            -0.20155787641491285,
            0.019642783801923455,
            -0.1835237418293808,
            2.3912673845704706e-24,
            0.0008500415377471124
        ],
        [
            -0.3158950184808378,
            -0.3550699732364558,
            -0.30573451420024744,
            0.030722434309293747,
            0.16135995773354578,
            -0.3278543647693756,
            -0.2866777234599771,
            0.0266694818129865,
            -1.5455509078494127e-23,
            0.19292172729249704
        ],
        [
            -0.32261646912087993,
            0.09104182420126423,
            -0.2935210243498921,
            -0.8649413681782004,
            -0.20013631133248466,
            -0.1071653981317305,
            -0.008283033481173626,
            -0.3159949451625602,
            -8.508589070356749e-24,
            0.1914343456184441
        ],
        [
            0.0,
            0.00015056653194219562,
            0.0,
            -0.0014304548846915677,
            -0.000330988867780368,
            0.0,
            0.0,
            -0.0005225978655613349,
            -8.508589070356749e-24,
            0.0
        ]
    ],
    "objectives": [
        50.80105972290039,
        44.530525758015926,
        35.933227102182165,
        34.860319386122754,
        30.269447829813384,
        29.243172589435883,
        29.23336171107627,
        29.23336171107627
    ]
}