{
    "network_file": "optimization_cases/medium_complex/network_file_1.json",
    "config_file": "optimization_cases/medium_complex/config_file.json",
    "ad_method": "backward",
    "upper_speeds": [
        50.0,
        50.0,
        50.0,
        50.0,
        50.0,
        50.0,
        50.0,
        50.0
    ],
    "lower_speeds": [
        20.0,
        20.0,
        20.0,
        20.0,
        20.0,
        20.0,
        20.0,
        20.0
    ],
    "upper_time": 200.0,
    "lower_time": 10.0,
    "n_speeds": [
        1,
        1,
        1,
        1,
        1,
        1,
        1,
        1
    ],
    "last_speed_idx": 8,
    "n_cycles": [
        2
    ],
    "control_points": [
        [],
        [],
        [],
        [],
        [],
        [],
        [],
        [],
        []
    ],
    "parameters": [
        [
            50.0,
            50.0,
            50.0,
            50.0,
            50.0,
            50.0,
            50.0,
            50.0,
            30.0,
            30.0
        ],
        [
            50.0,
            50.0,
            50.0,
            50.0,
            47.284458131909375,
            50.0,
            50.0,
            41.543555937311595,
            29.99999995966395,
            10.0
        ],
        [
            50.0,
            50.0,
            49.446595564140225,
            50.0,
            50.0,
            50.0,
            48.990675015164214,
            50.0,
            29.999999952182723,
            10.0
        ],
        [
            50.0,
            50.0,
            49.446595564140225,
            50.0,
            50.0,
            50.0,
            48.990675015164214,
            50.0,
            29.999999952182723,
            10.0
        ]
    ],
    "gradients": [
        [
            -0.2847745418548584,
            -0.7771806716918945,
            -0.31106066703796387,
            -0.7205183506011963,
            0.1106686145067215,
            -0.14450594782829285,
            -0.14590418338775635,
            0.3446321189403534,
            4.566241273984417e-10,
            0.2264099270105362
        ],
        [
            -0.09406368594087156,
            -0.292409007842593,
            0.004650270077832011,
            -0.11746048636177964,
            -0.1346398215314295,
            -0.10443084209300249,
            0.008481380834069406,
            -0.16806045548251874,
            1.7462479253266603e-11,
            0.05998752215115871
        ],
        [
            -0.19834348467721993,
            -0.4948916082635994,
            -0.18579724808394346,
            -0.452689889095887,
            0.10921981583833446,
            -0.1228238335793274,
            -0.005580087866166367,
            0.20758275563510067,
            1.1436343904212603e-10,
            0.12796125703752298
        ],
        [
            0.0,
            0.0,
            -0.00030727467879553596,
            0.0,
            0.00018062960660574013,
            0.0,
            -9.228445116433967e-06,
            0.0003433039252144879,
            1.1436343904212603e-10,
            0.0
        ]
    ],
    "objectives": [
        51.82126998901367,
        39.15954102856839,
        38.163107046055664,
        38.163107046055664
    ]
}