{
    "network_file": "optimization_cases/medium_complex/network_file_4.json",
    "config_file": "optimization_cases/medium_complex/config_file.json",
    "ad_method": "backward",
    "upper_speeds": [
        50.0,
        50.0,
        50.0,
        50.0,
        50.0,
        50.0,
        50.0,
        50.0
    ],
    "lower_speeds": [
        20.0,
        20.0,
        20.0,
        20.0,
        20.0,
        20.0,
        20.0,
        20.0
    ],
    "upper_time": 200.0,
    "lower_time": 10.0,
    "n_speeds": [
        1,
        1,
        1,
        1,
        1,
        1,
        1,
        1
    ],
    "last_speed_idx": 8,
    "n_cycles": [
        2
    ],
    "control_points": [
        [],
        [],
        [],
        [],
        [],
        [],
        [],
        [],
        []
    ],
    "parameters": [
        [
            50.0,
            50.0,
            50.0,
            39.8,
            50.0,
            50.0,
            50.0,
            49.1,
            60.0,
            10.0
        ],
        [
            50.0,
            50.0,
            50.0,
            37.89636634230446,
            50.0,
            50.0,
            50.0,
            50.0,
            60.0,
            10.0
        ],
        [
            50.0,
            50.0,
            50.0,
            40.39636634230446,
            49.717590334075645,
            50.0,
            50.0,
            49.93792446736968,
            60.0,
            10.0
        ],
        [
            50.0,
            50.0,
            50.0,
            40.39636634230446,
            49.717590334075645,
            50.0,
            50.0,
            49.93792446736968,
            60.0,
            10.0
        ]
    ],
    "gradients": [
        [
            -0.2583093047142029,
            -0.6073033809661865,
            -0.1546097844839096,
            0.01730455830693245,
            -0.02692088484764099,
            -0.24151749908924103,
            -0.20939016342163086,
            -0.1818055510520935,
            3.4814624780719765e-24,
            0.0015332832699641585
        ],
        [
            -0.2590942897042816,
            -0.5510933002243108,
            -0.2723893094321548,
            -0.3979497746105716,
            0.04495394516097731,
            -0.21448593634205557,
            -0.19538283343256552,
            0.00988117768762665,
            -9.044271939762424e-24,
            0.07970618078823914
        ],
        [
            -0.20786424104869877,
            -0.4045971388741654,
            -0.11163631247796334,
            -0.27653720931312037,
            -0.17126003692834282,
            -0.2212284273871728,
            -0.19189339879414782,
            -0.1973077285173373,
            -6.427558109429797e-24,
            0.07880850929397502
        ],
        [
            0.0,
            0.0,
            0.0,
            -3.5288733377459176e-05,
            -2.1854381898151904e-05,
            0.0,
            0.0,
            -2.517831087633698e-05,
            -6.427558109429797e-24,
            0.0
        ]
    ],
    "objectives": [
        29.295791625976562,
        29.1452334840349,
        29.05573656021889,
        29.05573656021889
    ]
}