{
    "network_file": "optimization_cases/medium_complex/network_file.json",
    "config_file": "optimization_cases/medium_complex/config_file.json",
    "ad_method": "backward",
    "upper_speeds": [
        50.0,
        50.0,
        50.0,
        50.0,
        50.0,
        50.0,
        50.0,
        50.0
    ],
    "lower_speeds": [
        20.0,
        20.0,
        20.0,
        20.0,
        20.0,
        20.0,
        20.0,
        20.0
    ],
    "upper_time": 200.0,
    "lower_time": 10.0,
    "n_speeds": [
        1,
        1,
        1,
        1,
        1,
        1,
        1,
        1
    ],
    "last_speed_idx": 8,
    "n_cycles": [
        2
    ],
    "control_points": [
        [],
        [],
        [],
        [],
        [],
        [],
        [],
        [],
        []
    ],
    "parameters": [
        [
            40.0,
            40.0,
            40.0,
            40.0,
            40.0,
            40.0,
            40.0,
            40.0,
            60.0,
            60.0
        ],
        [
            46.5399890598793,
            48.27343558538452,
            49.344529763519276,
            50.0,
            34.66943574842956,
            50.0,
            50.0,
            33.581127235012815,
            60.0,
            47.42851567119452
        ]
    ],
    "gradients": [
        [
            -0.38731521368026733,
            -0.4899744391441345,
            -0.5534074306488037,
            -0.6735182404518127,
            0.31568992137908936,
            -1.1844521760940552,
            -0.8753538727760315,
            0.3801423907279968,
            -1.1672893459235457e-22,
            0.20681002736091614
        ],
        [
            -0.20305920352647383,
            -0.1570752530357681,
            -0.39151476438409594,
            -0.3508896516789073,
            -0.28179610628515683,
            -0.15954119787894477,
            -0.13581732596280405,
            -0.34248284609513746,
            -3.80227662815585e-23,
            0.19938985802623724
        ]
    ],
    "objectives": [
        50.80105972290039,
        44.530525758015926
    ]
}