{
    "network_file": "optimization_cases/medium_complex/network_file.json",
    "config_file": "optimization_cases/medium_complex/config_file.json",
    "ad_method": "backward",
    "upper_speeds": [
        50.0,
        50.0,
        50.0,
        50.0,
        50.0,
        50.0,
        50.0,
        50.0
    ],
    "lower_speeds": [
        20.0,
        20.0,
        20.0,
        20.0,
        20.0,
        20.0,
        20.0,
        20.0
    ],
    "upper_time": 200.0,
    "lower_time": 10.0,
    "n_speeds": [
        1,
        1,
        1,
        1,
        1,
        1,
        1,
        1
    ],
    "last_speed_idx": 8,
    "n_cycles": [
        2
    ],
    "control_points": [
        [],
        [],
        [],
        [],
        [],
        [],
        [],
        [],
        []
    ],
    "parameters": [
        [
            40.0,
            40.0,
            40.0,
            40.0,
            40.0,
            40.0,
            40.0,
            40.0,
            60.0,
            60.0
        ],
        [
            49.37307957729667,
            50.0,
            50.0,
            50.0,
            38.349415025404326,
            48.79117658174587,
            40.892888660129664,
            39.34325733602501,
            60.0,
            44.185048334337466
        ],
        [
            50.0,
            50.0,
            50.0,
            50.0,
            45.4754304022261,
            50.0,
            41.06287590664253,
            47.97193548949561,
            60.0,
            24.185048334337466
        ],
        [
            50.0,
            50.0,
            50.0,
            50.0,
            46.655830955019454,
            50.0,
            41.13821185937133,
            49.44391247135464,
            60.0,
            14.185048334337466
        ],
        [
            50.0,
            50.0,
            50.0,
            50.0,
            46.655830955019454,
            50.0,
            41.13821185937133,
            49.44391247135464,
            60.0,
            14.185048334337466
        ]
    ],
    "gradients": [
        [
            -0.4412538707256317,
            -0.5770083069801331,
            -0.9415344595909119,
            -0.7658445239067078,
            0.07770413160324097,
            -0.4138597846031189,
            -0.042034272104501724,
            0.030917292460799217,
            -1.1672893459235457e-22,
            0.20681002736091614
        ],
        [
            -0.17906150384088482,
            -0.3376002733117204,
            -0.32434627099632823,
            -0.43403865096807814,
            -0.22468060452528457,
            -0.13114348682039045,
            -0.005359634422390802,
            -0.2720590008943474,
            -1.606063633719363e-23,
            0.17516459264963555
        ],
        [
            -0.37729873403514,
            -0.4148336468755673,
            -0.6067913941792791,
            -0.23172536636273344,
            -0.15269566012120206,
            -0.18302283208473769,
            -0.009745397869868583,
            -0.1904137509901091,
            -1.7015860550002995e-23,
            0.09981419029612132
        ],
        [
            -0.2511321760597254,
            -0.4914288550800171,
            -0.7220871111935566,
            0.02572148309395173,
            -0.15008332837677146,
            -0.1411773539585941,
            -0.008289699950843386,
            -0.19294839744208536,
            2.233025378610128e-24,
            0.0017939215831272962
        ],
        [
            0.0,
            0.0,
            0.0,
            4.253863034757106e-05,
            -0.0002482103852189552,
            0.0,
            -1.3709648102839157e-05,
            -0.00031910137238062706,
            2.233025378610128e-24,
            0.0017939215831272962
        ]
    ],
    "objectives": [
        53.35993957519531,
        45.527202130478685,
        37.530869980859336,
        34.38336472430436,
        34.38336472430436
    ]
}