{
    "network_file": "optimization_cases/medium_complex/network_file_4.json",
    "config_file": "optimization_cases/medium_complex/config_file.json",
    "ad_method": "backward",
    "upper_speeds": [
        50.0,
        50.0,
        50.0,
        50.0,
        50.0,
        50.0,
        50.0,
        50.0
    ],
    "lower_speeds": [
        20.0,
        20.0,
        20.0,
        20.0,
        20.0,
        20.0,
        20.0,
        20.0
    ],
    "upper_time": 200.0,
    "lower_time": 10.0,
    "n_speeds": [
        1,
        1,
        1,
        1,
        1,
        1,
        1,
        1
    ],
    "last_speed_idx": 8,
    "n_cycles": [
        2
    ],
    "control_points": [
        [],
        [],
        [],
        [],
        [],
        [],
        [],
        [],
        []
    ],
    "parameters": [
        [
            42.908606982678045,
            50.0,
            50.0,
            50.0,
            43.48272462519724,
            50.0,
            48.66011383394497,
            50.0,
            109.27545255194158,
            12.5
        ],
        [
            50.0,
            50.0,
            50.0,
            50.0,
            30.361129665959865,
            50.0,
            50.0,
            50.0,
            109.9408617455632,
            12.965069088325235
        ],
        [
            50.0,
            50.0,
            50.0,
            50.0,
            50.0,
            50.0,
            49.658733850567295,
            50.0,
            109.97810998865448,
            10.0
        ]
    ],
    "gradients": [
        [
            -4.640966892242432,
            -3.3570361137390137,
            -4.499041557312012,
            -1.3072340488433838,
            3.044844388961792,
            -9.712212562561035,
            -0.7920128107070923,
            -27.405929565429688,
            -0.04289086163043976,
            -0.02997736446559429
        ],
        [
            -0.041876911158608365,
            -4.05355398618753,
            -1.0383037988853572,
            -1.7071071843035448,
            -11.89069490746245,
            -6.609923665079183,
            0.20289458325744114,
            -25.48286530127219,
            -0.006151492978298313,
            1.0738398119688428
        ],
        [
            -2.4758750510450245,
            -3.2167853905449566,
            -2.9684383653510835,
            -2.238105718589283,
            -1.7066263643511639,
            -10.335774407726058,
            0.23434443251825587,
            -21.611884004166132,
            -0.10373710980773615,
            0.021537452894063724
        ]
    ],
    "objectives": [
        1014.0953369140625,
        1012.5520847533503,
        989.1485143832771
    ]
}