{
    "network_file": "optimization_cases/medium_complex/network_file_4.json",
    "config_file": "optimization_cases/medium_complex/config_file.json",
    "ad_method": "backward",
    "upper_speeds": [
        50.0,
        50.0,
        50.0,
        50.0,
        50.0,
        50.0,
        50.0,
        50.0
    ],
    "lower_speeds": [
        20.0,
        20.0,
        20.0,
        20.0,
        20.0,
        20.0,
        20.0,
        20.0
    ],
    "upper_time": 200.0,
    "lower_time": 10.0,
    "n_speeds": [
        1,
        1,
        1,
        1,
        1,
        1,
        1,
        1
    ],
    "last_speed_idx": 8,
    "n_cycles": [
        2
    ],
    "control_points": [
        [],
        [],
        [],
        [],
        [],
        [],
        [],
        [],
        []
    ],
    "parameters": [
        [
            39.35229852920512,
            50.0,
            50.0,
            50.0,
            34.29072184996457,
            50.0,
            49.99866892788504,
            50.0,
            109.79830479615316,
            12.5
        ]
    ],
    "gradients": [
        [
            -3.3606066703796387,
            3.870967388153076,
            -1.81734037399292,
            -1.7383050918579102,
            -17.038217544555664,
            -6.68002462387085,
            0.12394216656684875,
            -36.878448486328125,
            -0.7921978831291199,
            -0.0317651592195034
        ]
    ],
    "objectives": [
        996.98828125
    ]
}