{
    "network_file": "optimization_cases/medium_complex/network_file.json",
    "config_file": "optimization_cases/medium_complex/config_file.json",
    "ad_method": "backward",
    "upper_speeds": [
        50.0,
        50.0,
        50.0,
        50.0,
        50.0,
        50.0,
        50.0,
        50.0
    ],
    "lower_speeds": [
        20.0,
        20.0,
        20.0,
        20.0,
        20.0,
        20.0,
        20.0,
        20.0
    ],
    "upper_time": 200.0,
    "lower_time": 10.0,
    "n_speeds": [
        1,
        1,
        1,
        1,
        1,
        1,
        1,
        1
    ],
    "last_speed_idx": 8,
    "n_cycles": [
        2
    ],
    "control_points": [
        [],
        [],
        [],
        [],
        [],
        [],
        [],
        [],
        []
    ],
    "parameters": [
        [
            40.0,
            40.0,
            40.0,
            40.0,
            40.0,
            40.0,
            40.0,
            40.0,
            60.0,
            60.0
        ],
        [
            38.270536177448626,
            44.46704708878748,
            38.10171552308206,
            50.0,
            50.0,
            50.0,
            43.59877358048501,
            41.13999647693243,
            60.422278606332775,
            40.30256677460693
        ],
        [
            48.75126625101863,
            48.40687600700126,
            43.53819093623801,
            50.0,
            45.31133868682269,
            50.0,
            45.54773589833251,
            50.0,
            64.93024746192262,
            29.282015056614355
        ],
        [
            41.034224058389896,
            50.0,
            47.77614150570396,
            50.0,
            43.08791830246372,
            50.0,
            47.06674094330445,
            50.0,
            70.62990749539715,
            24.65387853277404
        ],
        [
            50.0,
            50.0,
            50.0,
            50.0,
            36.76707990005071,
            50.0,
            50.0,
            50.0,
            85.20369284257823,
            10.0
        ],
        [
            49.93424999937005,
            50.0,
            50.0,
            50.0,
            36.79218658523338,
            50.0,
            49.99970430028895,
            50.0,
            86.72603768644191,
            15.0
        ],
        [
            49.223798131681335,
            50.0,
            50.0,
            49.90051201930441,
            37.088372210060605,
            50.0,
            50.0,
            50.0,
            96.72603768644191,
            17.122010577556864
        ],
        [
            39.32530225452492,
            50.0,
            50.0,
            50.0,
            34.27167018303739,
            50.0,
            50.0,
            50.0,
            109.67482462606581,
            10.0
        ],
        [
            39.35229852920512,
            50.0,
            50.0,
            50.0,
            34.29072184996457,
            50.0,
            49.99866892788504,
            50.0,
            109.79830479615316,
            12.5
        ],
        [
            39.35229852920512,
            50.0,
            50.0,
            50.0,
            34.29072184996457,
            50.0,
            49.99866892788504,
            50.0,
            109.79830479615316,
            12.5
        ]
    ],
    "gradients": [
        [
            1.0013856887817383,
            -2.5864877700805664,
            1.099135398864746,
            -11.580302238464355,
            -10.323135375976562,
            -9.10692024230957,
            -2.0837442874908447,
            -0.6600751876831055,
            -0.06791824847459793,
            3.168086528778076
        ],
        [
            -6.259248172047403,
            -2.352924536879057,
            -3.2467441250098084,
            -6.983823051599715,
            2.800138401413671,
            -2.0302141530017,
            -1.1639493374740604,
            -11.944298017619582,
            -0.747840603684898,
            1.8282326949762888
        ],
        [
            5.390632842419853,
            -13.970722740297962,
            -2.960361619654834,
            -4.420147644144841,
            1.5531394862502905,
            -4.748362236761625,
            -1.0610799162208429,
            -10.061132852240934,
            -1.1059495839115294,
            0.8980335024836033
        ],
        [
            -5.1692210668655685,
            -0.7351154728090679,
            -1.6635416465634365,
            -4.543382829358171,
            1.6336905515003117,
            -4.071339564156695,
            -0.9218684399744858,
            -16.524096051792146,
            -1.0463210866753498,
            1.3623143634058805
        ],
        [
            2.232682237447578,
            -7.514886936548336,
            -2.582162864922966,
            -0.9292502190570754,
            -0.8525513233685273,
            -6.412746863991247,
            0.010041117660198485,
            -27.786583144221233,
            -1.1079921775492012,
            -3.639097219054329
        ],
        [
            0.7998530205680949,
            -4.600870668870878,
            -1.997955902515713,
            0.11200725269182943,
            -0.3334567441389322,
            -6.316344258756967,
            -0.05107438695291457,
            -27.937063440366952,
            -0.8687014119191754,
            -0.18433935848310742
        ],
        [
            0.9988387294722161,
            -5.118600433584553,
            -3.0460324021505443,
            -0.48126463908275857,
            0.2842281402032477,
            -6.073601490735277,
            -0.16025039404124994,
            -26.844620343989636,
            -0.3629549730330651,
            0.560600733837709
        ],
        [
            -4.27707157243889,
            -5.358077399643783,
            -1.7537091702464713,
            -1.0801272884505808,
            -3.0183921295465677,
            -5.786145506386234,
            0.21088430797203775,
            -26.048294720398086,
            -0.11647424270553297,
            -2.3581568324522633
        ],
        [
            -4.891364592146549,
            -4.6676770380598365,
            -2.2439410717229,
            -1.6761883556857404,
            -2.7206371132912937,
            -5.659146968679497,
            0.2466325471716363,
            -25.474652673994747,
            -0.022384465916411425,
            -1.0080501999134488
        ],
        [
            -0.00808942274131334,
            0.0,
            0.0,
            0.0,
            -0.004499436368013901,
            0.0,
            0.00040788514089535986,
            0.0,
            -0.022384465916411425,
            -1.0080501999134488
        ]
    ],
    "objectives": [
        1168.779541015625,
        1075.5646930275384,
        999.3638588314446,
        979.4658798472032,
        965.9646691983244,
        961.5778041682604,
        958.318976736412,
        957.9188033789226,
        954.9891039488771,
        954.9891039488771
    ]
}