{
    "network_file": "optimization_cases/medium_complex/network_file_4.json",
    "config_file": "optimization_cases/medium_complex/config_file.json",
    "ad_method": "backward",
    "upper_speeds": [
        50.0,
        50.0,
        50.0,
        50.0,
        50.0,
        50.0,
        50.0,
        50.0
    ],
    "lower_speeds": [
        20.0,
        20.0,
        20.0,
        20.0,
        20.0,
        20.0,
        20.0,
        20.0
    ],
    "upper_time": 200.0,
    "lower_time": 10.0,
    "n_speeds": [
        1,
        1,
        1,
        1,
        1,
        1,
        1,
        1
    ],
    "last_speed_idx": 8,
    "n_cycles": [
        2
    ],
    "control_points": [
        [],
        [],
        [],
        [],
        [],
        [],
        [],
        [],
        []
    ],
    "parameters": [
        [
            39.35229852920512,
            50.0,
            50.0,
            50.0,
            34.29072184996457,
            50.0,
            49.99866892788504,
            50.0,
            109.79830479615316,
            12.5
        ]
    ],
    "gradients": [
        [
            4.272116184234619,
            1.5105534791946411,
            -1.1440778970718384,
            -3.694267988204956,
            -18.88452911376953,
            -5.7982563972473145,
            0.27690261602401733,
            -26.876022338867188,
            -0.7095178961753845,
            -0.04808952659368515
        ]
    ],
    "objectives": [
        959.97802734375
    ]
}