{
    "network_file": "optimization_cases/medium_complex/network_file_4.json",
    "config_file": "optimization_cases/medium_complex/config_file.json",
    "ad_method": "backward",
    "upper_speeds": [
        50.0,
        50.0,
        50.0,
        50.0,
        50.0,
        50.0,
        50.0,
        50.0
    ],
    "lower_speeds": [
        20.0,
        20.0,
        20.0,
        20.0,
        20.0,
        20.0,
        20.0,
        20.0
    ],
    "upper_time": 200.0,
    "lower_time": 10.0,
    "n_speeds": [
        1,
        1,
        1,
        1,
        1,
        1,
        1,
        1
    ],
    "last_speed_idx": 8,
    "n_cycles": [
        2
    ],
    "control_points": [
        [],
        [],
        [],
        [],
        [],
        [],
        [],
        [],
        []
    ],
    "parameters": [
        [
            50.0,
            50.0,
            50.0,
            39.8,
            50.0,
            50.0,
            50.0,
            49.1,
            60.0,
            10.0
        ],
        [
            50.0,
            50.0,
            50.0,
            37.49767050090078,
            50.0,
            50.0,
            50.0,
            50.0,
            60.0,
            10.0
        ],
        [
            50.0,
            50.0,
            50.0,
            37.49767050090078,
            50.0,
            50.0,
            50.0,
            50.0,
            60.0,
            10.0
        ]
    ],
    "gradients": [
        [
            -0.33549416065216064,
            -0.44159483909606934,
            -0.20640592277050018,
            0.016017187386751175,
            -0.03340950608253479,
            -0.3157840073108673,
            -0.16534116864204407,
            -0.13913896679878235,
            2.391354723024012e-24,
            0.0017015862977132201
        ],
        [
            -0.3404576681530441,
            -0.4666636395687407,
            -0.2309814339948324,
            -0.0009149043212964454,
            -0.03621860058177845,
            -0.2756770549067619,
            -0.15501385245275964,
            -0.06926976443256569,
            1.455155785233037e-24,
            0.0016696728926386152
        ],
        [
            0.0,
            0.0,
            0.0,
            -5.4471041077034605e-06,
            0.0,
            0.0,
            0.0,
            0.0,
            1.455155785233037e-24,
            0.0
        ]
    ],
    "objectives": [
        29.300254821777344,
        29.096725420282528,
        29.096725420282528
    ]
}