{
    "network_file": "optimization_cases/medium_complex/network_file_1.json",
    "config_file": "optimization_cases/medium_complex/config_file.json",
    "ad_method": "backward",
    "upper_speeds": [
        50.0,
        50.0,
        50.0,
        50.0,
        50.0,
        50.0,
        50.0,
        50.0
    ],
    "lower_speeds": [
        20.0,
        20.0,
        20.0,
        20.0,
        20.0,
        20.0,
        20.0,
        20.0
    ],
    "upper_time": 200.0,
    "lower_time": 10.0,
    "n_speeds": [
        1,
        1,
        1,
        1,
        1,
        1,
        1,
        1
    ],
    "last_speed_idx": 8,
    "n_cycles": [
        2
    ],
    "control_points": [
        [],
        [],
        [],
        [],
        [],
        [],
        [],
        [],
        []
    ],
    "parameters": [
        [
            50.0,
            50.0,
            50.0,
            50.0,
            50.0,
            50.0,
            50.0,
            50.0,
            30.0,
            30.0
        ],
        [
            39.74628491428012,
            50.0,
            50.0,
            50.0,
            50.0,
            50.0,
            50.0,
            50.0,
            50.0,
            33.54400559799139
        ],
        [
            50.0,
            49.814898949720984,
            49.625515595223334,
            50.0,
            50.0,
            50.0,
            50.0,
            50.0,
            60.33911215674826,
            15.109647057382297
        ],
        [
            49.28950149508361,
            50.0,
            49.729904845440615,
            50.0,
            50.0,
            50.0,
            50.0,
            50.0,
            65.33911215674826,
            18.10177492624398
        ],
        [
            49.28872372956498,
            49.996900215844114,
            49.73168727295859,
            50.0,
            50.0,
            50.0,
            50.0,
            50.0,
            66.58911215674826,
            18.660518389388386
        ],
        [
            49.28872372956498,
            49.996900215844114,
            49.73168727295859,
            50.0,
            50.0,
            50.0,
            50.0,
            50.0,
            66.58911215674826,
            18.660518389388386
        ]
    ],
    "gradients": [
        [
            5.157252788543701,
            -8.382142066955566,
            -0.3622034192085266,
            -5.872950553894043,
            -4.4537434577941895,
            -4.880333423614502,
            -1.0794535875320435,
            -7.285969257354736,
            -2.794246196746826,
            -0.4951412081718445
        ],
        [
            -9.485135421711696,
            0.08778542642987652,
            0.17760176463128796,
            -5.803458219987975,
            -5.736511211587894,
            -3.134445095510725,
            -1.0520527989066166,
            -6.485900411473351,
            -1.3620538742642074,
            2.428505377362011
        ],
        [
            10.262926740904211,
            -15.022336348567155,
            -1.507869784530985,
            -3.009090480438841,
            -1.3475446078936633,
            -4.7634001063081906,
            -0.9693480623619851,
            -14.88426199359781,
            -1.5479985960572042,
            -0.9263619480443039
        ],
        [
            0.5661955664481466,
            2.2565721981300166,
            -1.2975665981778433,
            -3.3858089681590835,
            -2.6892376887109406,
            -4.840102105815175,
            -0.9152637438038154,
            -15.409847684576153,
            -1.5049264949632655,
            -0.6726942732588379
        ],
        [
            0.12653964328995926,
            -7.287025586443823,
            -1.3058311098225994,
            -3.228885918891539,
            -1.2064768518087354,
            -4.318746181749667,
            -0.8171562667539485,
            -13.175612762345189,
            -1.34814333885805,
            -0.3810852864507133
        ],
        [
            0.00020927343460575254,
            -0.012051408024287537,
            -0.002159605908967353,
            0.0,
            0.0,
            0.0,
            0.0,
            0.0,
            -1.34814333885805,
            -0.3810852864507133
        ]
    ],
    "objectives": [
        1020.871826171875,
        1017.4544279457053,
        965.1168125236217,
        960.8631577618727,
        960.4523840820661,
        960.4523840820661
    ]
}