{
    "network_file": "optimization_cases/medium_complex/network_file_1.json",
    "config_file": "optimization_cases/medium_complex/config_file.json",
    "ad_method": "backward",
    "upper_speeds": [
        50.0,
        50.0,
        50.0,
        50.0,
        50.0,
        50.0,
        50.0,
        50.0
    ],
    "lower_speeds": [
        20.0,
        20.0,
        20.0,
        20.0,
        20.0,
        20.0,
        20.0,
        20.0
    ],
    "upper_time": 200.0,
    "lower_time": 10.0,
    "n_speeds": [
        1,
        1,
        1,
        1,
        1,
        1,
        1,
        1
    ],
    "last_speed_idx": 8,
    "n_cycles": [
        2
    ],
    "control_points": [
        [],
        [],
        [],
        [],
        [],
        [],
        [],
        [],
        []
    ],
    "parameters": [
        [
            50.0,
            50.0,
            50.0,
            50.0,
            50.0,
            50.0,
            50.0,
            50.0,
            30.0,
            30.0
        ],
        [
            50.0,
            50.0,
            50.0,
            50.0,
            49.33220341191112,
            50.0,
            50.0,
            48.108326622115115,
            30.000000011360278,
            25.0
        ],
        [
            50.0,
            50.0,
            48.31575557849047,
            50.0,
            50.0,
            50.0,
            50.0,
            49.63322686775484,
            30.000000017677554,
            20.0
        ],
        [
            50.0,
            50.0,
            48.31575557849047,
            50.0,
            50.0,
            50.0,
            50.0,
            49.63322686775484,
            30.000000017677554,
            20.0
        ]
    ],
    "gradients": [
        [
            -0.2308221161365509,
            -0.327453076839447,
            -0.2669145166873932,
            -0.2765682637691498,
            0.04717463254928589,
            -0.47515639662742615,
            -0.30151644349098206,
            0.13363200426101685,
            -2.2292089008058014e-10,
            0.09811419248580933
        ],
        [
            -0.21685616897864646,
            -0.2519666219032209,
            0.10667156644623849,
            -0.16823386159418238,
            -0.1610136352929309,
            -0.4908186749235254,
            -0.30078598559987313,
            -0.09657950817545456,
            -1.1114011323606545e-10,
            0.08796523325561456
        ],
        [
            -0.2537965373840492,
            -0.3549078683526392,
            0.010548636180364845,
            0.07856309766527367,
            0.35883350042900275,
            -0.6940918711567406,
            -0.45519643692818057,
            -0.06174407686100741,
            7.549810532602518e-11,
            0.0006537109285241578
        ],
        [
            0.0,
            0.0,
            0.0002260938824666676,
            0.0016838798367899877,
            0.007691047248564016,
            0.0,
            0.0,
            -0.0013233898504159682,
            7.549810532602518e-11,
            0.0006537109285241578
        ]
    ],
    "objectives": [
        35.939964294433594,
        34.43577926101819,
        32.79634534852942,
        32.79634534852942
    ]
}