{
    "network_file": "optimization_cases/medium_complex/network_file_4.json",
    "config_file": "optimization_cases/medium_complex/config_file.json",
    "ad_method": "backward",
    "upper_speeds": [
        50.0,
        50.0,
        50.0,
        50.0,
        50.0,
        50.0,
        50.0,
        50.0
    ],
    "lower_speeds": [
        20.0,
        20.0,
        20.0,
        20.0,
        20.0,
        20.0,
        20.0,
        20.0
    ],
    "upper_time": 200.0,
    "lower_time": 10.0,
    "n_speeds": [
        1,
        1,
        1,
        1,
        1,
        1,
        1,
        1
    ],
    "last_speed_idx": 8,
    "n_cycles": [
        2
    ],
    "control_points": [
        [],
        [],
        [],
        [],
        [],
        [],
        [],
        [],
        []
    ],
    "parameters": [
        [
            50.0,
            50.0,
            50.0,
            41.91711726741014,
            47.50369772421459,
            50.0,
            50.0,
            50.0,
            10.0,
            30.0
        ],
        [
            50.0,
            50.0,
            50.0,
            41.094993412451345,
            50.0,
            50.0,
            43.95905706702321,
            50.0,
            10.0,
            28.670793055439493
        ],
        [
            50.0,
            50.0,
            50.0,
            39.627821567570535,
            45.362921218795066,
            50.0,
            50.0,
            50.0,
            10.0,
            27.89919247642518
        ]
    ],
    "gradients": [
        [
            -0.22158199548721313,
            -0.2488773763179779,
            -0.0377562940120697,
            0.006157176103442907,
            -0.1497870683670044,
            -0.3003072738647461,
            0.045242756605148315,
            -0.08556505292654037,
            0.0021424791775643826,
            0.0027652501594275236
        ],
        [
            -0.21551277694964763,
            -0.22672390275694376,
            -0.04645392746831263,
            0.02137106148008775,
            0.06754443664313337,
            -0.2569781600258457,
            -0.29132322235673574,
            -0.07619363987226885,
            0.0025704025102917215,
            0.0031220162090385044
        ],
        [
            -0.26433539882876456,
            -0.24024742306428304,
            0.12067006641510986,
            0.036692491860422324,
            -0.24250585678168757,
            -0.522889148517239,
            -0.28874964181876966,
            -0.018962015993336842,
            0.0013177830586133044,
            0.0020167471661560717
        ]
    ],
    "objectives": [
        35.75270462036133,
        35.483625377624804,
        35.20427687327419
    ]
}