{
    "network_file": "optimization_cases/medium_complex/network_file_4.json",
    "config_file": "optimization_cases/medium_complex/config_file.json",
    "ad_method": "backward",
    "upper_speeds": [
        50.0,
        50.0,
        50.0,
        50.0,
        50.0,
        50.0,
        50.0,
        50.0
    ],
    "lower_speeds": [
        20.0,
        20.0,
        20.0,
        20.0,
        20.0,
        20.0,
        20.0,
        20.0
    ],
    "upper_time": 200.0,
    "lower_time": 10.0,
    "n_speeds": [
        1,
        1,
        1,
        1,
        1,
        1,
        1,
        1
    ],
    "last_speed_idx": 8,
    "n_cycles": [
        2
    ],
    "control_points": [
        [],
        [],
        [],
        [],
        [],
        [],
        [],
        [],
        []
    ],
    "parameters": [
        [
            50.0,
            50.0,
            50.0,
            39.8,
            50.0,
            50.0,
            50.0,
            49.1,
            60.0,
            10.0
        ],
        [
            50.0,
            50.0,
            50.0,
            39.802047351652156,
            50.0,
            50.0,
            50.0,
            50.0,
            60.0,
            10.0
        ],
        [
            50.0,
            50.0,
            50.0,
            39.802047351652156,
            50.0,
            50.0,
            50.0,
            50.0,
            60.0,
            10.0
        ]
    ],
    "gradients": [
        [
            -0.2679178714752197,
            -0.6917632222175598,
            -0.24737808108329773,
            -1.8132357581635006e-05,
            -0.029717586934566498,
            -0.11175911128520966,
            -0.002029661787673831,
            -0.17712987959384918,
            6.4090538816747024e-24,
            0.00028096858295612037
        ],
        [
            -0.26850102584929714,
            -0.7273143919884026,
            -0.27685696318414127,
            -1.0582575325532035e-05,
            -0.017565126543684154,
            -0.11697424716486134,
            -0.002741135589321183,
            -0.1148078852595287,
            6.409166344100376e-24,
            0.0002808385992910427
        ],
        [
            0.0,
            0.0,
            0.0,
            -2.939604257092232e-06,
            0.0,
            0.0,
            0.0,
            0.0,
            6.409166344100376e-24,
            0.0
        ]
    ],
    "objectives": [
        29.09227180480957,
        29.016681388376185,
        29.016681388376185
    ]
}