{
    "network_file": "optimization_cases/medium_complex/network_file.json",
    "config_file": "optimization_cases/medium_complex/config_file.json",
    "ad_method": "backward",
    "upper_speeds": [
        50.0,
        50.0,
        50.0,
        50.0,
        50.0,
        50.0,
        50.0,
        50.0
    ],
    "lower_speeds": [
        20.0,
        20.0,
        20.0,
        20.0,
        20.0,
        20.0,
        20.0,
        20.0
    ],
    "upper_time": 200.0,
    "lower_time": 10.0,
    "n_speeds": [
        1,
        1,
        1,
        1,
        1,
        1,
        1,
        1
    ],
    "last_speed_idx": 8,
    "n_cycles": [
        2
    ],
    "control_points": [
        [],
        [],
        [],
        [],
        [],
        [],
        [],
        [],
        []
    ],
    "parameters": [
        [
            40.0,
            40.0,
            40.0,
            40.0,
            40.0,
            40.0,
            40.0,
            40.0,
            60.0,
            60.0
        ],
        [
            38.401415222386504,
            41.9117589918102,
            36.82521556619969,
            50.0,
            50.0,
            50.0,
            41.95386254739764,
            42.27192273207755,
            60.33999760367806,
            44.14184594766311
        ],
        [
            48.39566030731792,
            49.12024187865378,
            40.877610944903815,
            50.0,
            46.30029804469921,
            50.0,
            45.076842571679244,
            50.0,
            65.34681825841393,
            28.075867769052557
        ],
        [
            43.18777348609521,
            50.0,
            50.0,
            50.0,
            37.839300732918076,
            50.0,
            48.7358569085495,
            50.0,
            76.59043670452601,
            13.951201222912012
        ],
        [
            50.0,
            50.0,
            50.0,
            50.0,
            34.796413161082285,
            50.0,
            49.83592649565124,
            50.0,
            96.59043670452601,
            17.182030300094034
        ],
        [
            47.33726257020224,
            50.0,
            50.0,
            50.0,
            34.498754413340734,
            50.0,
            49.69733136299014,
            50.0,
            101.06483599965195,
            10.0
        ],
        [
            47.33746333018462,
            50.0,
            50.0,
            50.0,
            34.564698721472766,
            50.0,
            49.68663152759398,
            50.0,
            101.95410257751712,
            15.0
        ],
        [
            42.592812232356735,
            50.0,
            50.0,
            50.0,
            44.05875513617497,
            50.0,
            48.52647372264323,
            50.0,
            108.95634931667333,
            10.0
        ],
        [
            42.66896506209691,
            50.0,
            50.0,
            50.0,
            43.95141189826873,
            50.0,
            48.552751499164216,
            50.0,
            109.19386948124628,
            15.0
        ],
        [
            42.827494275513025,
            50.0,
            50.0,
            50.0,
            43.625391744694255,
            50.0,
            48.62591004396288,
            50.0,
            109.10429438791412,
            10.0
        ],
        [
            42.88726008747839,
            50.0,
            50.0,
            50.0,
            43.529494880076726,
            50.0,
            48.650998976256915,
            50.0,
            109.31862722984508,
            15.0
        ],
        [
            42.908606982678045,
            50.0,
            50.0,
            50.0,
            43.48272462519724,
            50.0,
            48.66011383394497,
            50.0,
            109.27545255194158,
            12.5
        ],
        [
            42.908606982678045,
            50.0,
            50.0,
            50.0,
            43.48272462519724,
            50.0,
            48.66011383394497,
            50.0,
            109.27545255194158,
            12.5
        ]
    ],