{
    "network_file": "optimization_cases/medium_complex/network_file.json",
    "config_file": "optimization_cases/medium_complex/config_file.json",
    "ad_method": "backward",
    "upper_speeds": [
        50.0,
        50.0,
        50.0,
        50.0,
        50.0,
        50.0,
        50.0,
        50.0
    ],
    "lower_speeds": [
        20.0,
        20.0,
        20.0,
        20.0,
        20.0,
        20.0,
        20.0,
        20.0
    ],
    "upper_time": 200.0,
    "lower_time": 10.0,
    "n_speeds": [
        1,
        1,
        1,
        1,
        1,
        1,
        1,
        1
    ],
    "last_speed_idx": 8,
    "n_cycles": [
        2
    ],
    "control_points": [
        [],
        [],
        [],
        [],
        [],
        [],
        [],
        [],
        []
    ],
    "parameters": [
        [
            40.0,
            40.0,
            40.0,
            40.0,
            40.0,
            40.0,
            40.0,
            40.0,
            60.0,
            60.0
        ],
        [
            48.52375368586726,
            50.0,
            48.74155208280061,
            39.815197004589336,
            38.33320270359062,
            46.27575814937438,
            41.366850327703396,
            45.201258688198614,
            60.0,
            40.0
        ],
        [
            50.0,
            50.0,
            48.01231817083701,
            39.81519861777548,
            50.0,
            50.0,
            41.810943576066535,
            50.0,
            60.0,
            39.63813239643917
        ],
        [
            50.0,
            50.0,
            42.38552746884968,
            39.783418123209245,
            46.70448519198614,
            50.0,
            42.54129307516015,
            50.0,
            60.0,
            29.63813239643917
        ],
        [
            50.0,
            50.0,
            48.46291119760074,
            39.77216849247182,
            50.0,
            50.0,
            42.72484876991926,
            50.0,
            60.0,
            10.0
        ],
        [
            50.0,
            50.0,
            48.11164531822812,
            39.77939878538945,
            44.32968751504971,
            50.0,
            50.0,
            50.0,
            60.0,
            10.0
        ],
        [
            50.0,
            50.0,
            50.0,
            39.78861624690619,
            50.0,
            50.0,
            50.0,
            50.0,
            60.0,
            10.0
        ],
        [
            50.0,
            50.0,
            50.0,
            39.78861624690619,
            50.0,
            50.0,
            50.0,
            50.0,
            60.0,
            10.0
        ]
    ],
    "gradients": [
        [
            -0.9519109129905701,
            -1.186646655201912,
            -0.9762340784072876,
            0.02063832374420116,
            0.1861436398409757,
            -0.7008605468719793,
            -0.15264633297920227,
            -0.5808632075786591,
            -3.501868921294851e-22,
            0.6204301714897156
        ],
        [
            -0.49557369504219057,
            -0.5375846328917673,
            0.02545813119625062,
            -5.6317600927996744e-08,
            -0.6982157790138913,
            -0.4666131998933602,
            -0.015503645668033974,
            -0.6948706070674707,
            1.676406791834681e-23,
            0.003509189871112738
        ],
        [
            -0.7984350973247555,
            -1.2549175280324456,
            0.030875485848177137,
            0.00017438683295637616,
            0.01808324251004268,
            -0.3066927863675906,
            -0.004007594527289535,
            -0.24230584442042435,
            3.55626832349921e-23,
            0.004233972545588773
        ],
        [
            -0.6239121589529397,
            -0.7022215807019017,
            -0.2004319447715602,
            0.00037101250592376425,
            -0.4372613384687839,
            -0.27899546578236956,
            -0.006053661660430496,
            -0.41889955322948125,
            -1.3803612862306522e-22,
            0.18322206626818988
        ],
        [
            -0.5867107973006384,
            -1.3628775099305472,
            0.006307296003658335,
            -0.00012982643718802486,
            0.10181558009476593,
            -0.45152968233667623,
            -0.3591180569501137,
            -0.23862249181450323,
            6.745857080150788e-24,
            0.0017561031398261463
        ],
        [
            -0.46356546032366075,
            -1.1416104494250292,
            -0.1843076272710224,
            -0.00023485734117814513,
            -0.5095922358922714,
            -0.32375247665588225,
            -0.038511332917254115,
            -0.3591966203898072,
            -5.712395533170296e-23,
            0.2197015035351331
        ],
        [
            -0.5487828232850379,
            -1.3101518486790138,
            -0.03901114156625733,
            -0.0009091423972151306,
            0.25636009155281386,
            -0.6224361374526718,
            -0.3125717615721167,
            -0.243957702357464,
            7.173973527716925e-24,
            0.0018132212145343467
        ],
        [
            0.0,
            0.0,
            0.0,
            -1.5035553053911177e-06,
            0.0004239727208031376,
            0.0,
            0.0,
            0.0,
            7.173973527716925e-24,
            0
        ]
    ],
    "objectives": [
        50.80105972290039,
        40.728546142578125,
        39.720088958740234,
        36.96181106567383,
        29.70475959777832,
        29.666208267211914,
        29.281675338745117,
        29.281675338745117
    ]
}