{
    "network_file": "optimization_cases/medium_complex/network_file.json",
    "config_file": "optimization_cases/medium_complex/config_file.json",
    "ad_method": "backward",
    "upper_speeds": [
        50.0,
        50.0,
        50.0,
        50.0,
        50.0,
        50.0,
        50.0,
        50.0
    ],
    "lower_speeds": [
        20.0,
        20.0,
        20.0,
        20.0,
        20.0,
        20.0,
        20.0,
        20.0
    ],
    "upper_time": 200.0,
    "lower_time": 10.0,
    "n_speeds": [
        1,
        1,
        1,
        1,
        1,
        1,
        1,
        1
    ],
    "last_speed_idx": 8,
    "n_cycles": [
        2
    ],
    "control_points": [
        [],
        [],
        [],
        [],
        [],
        [],
        [],
        [],
        []
    ],
    "parameters": [
        [
            40.0,
            40.0,
            40.0,
            40.0,
            40.0,
            40.0,
            40.0,
            40.0,
            60.0,
            60.0
        ],
        [
            43.73787044361752,
            37.21775006499409,
            40.52446251066939,
            50.0,
            50.0,
            42.63011381201033,
            41.81837923322835,
            49.48798762672334,
            70.0463622501239,
            58.19808370657762
        ],
        [
            48.91939200607705,
            41.591731613301945,
            40.567555515459944,
            50.0,
            50.0,
            43.77668472877933,
            42.441257689170506,
            50.0,
            70.1086504185324,
            38.19808370657762
        ],
        [
            50.0,
            43.62725504977566,
            40.459290690263565,
            50.0,
            50.0,
            44.375642839963604,
            43.459745063031576,
            50.0,
            90.1086504185324,
            49.54161058831135
        ],
        [
            47.41629683704714,
            46.515571549878715,
            40.56490253978516,
            50.0,
            50.0,
            43.68953577632115,
            43.89850190927375,
            50.0,
            90.10865323916646,
            29.54161058831135
        ],
        [
            50.0,
            48.64461948641269,
            41.455676868183595,
            50.0,
            50.0,
            49.13087104331091,
            45.557584271006796,
            50.0,
            110.10865323916646,
            36.52839676319899
        ],
        [
            50.0,
            50.0,
            46.920826295027055,
            50.0,
            50.0,
            50.0,
            50.0,
            50.0,
            110.10865325659573,
            16.52839676319899
        ],
        [
            50.0,
            49.89213648892008,
            46.93636623876852,
            50.0,
            50.0,
            50.0,
            50.0,
            50.0,
            111.3262094031323,
            14.028396763198991
        ],
        [
            50.0,
            50.0,
            47.41487878352127,
            50.0,
            50.0,
            50.0,
            50.0,
            50.0,
            121.3262094031323,
            16.238866972029665
        ],
        [
            50.0,
            49.92210911237236,
            47.427346472632344,
            50.0,
            50.0,
            50.0,
            50.0,
            50.0,
            121.32622649986969,
            13.738866972029665
        ],
        [
            50.0,
            49.92210911237236,
            47.427346472632344,
            50.0,
            50.0,
            50.0,
            50.0,
            50.0,
            121.32622649986969,
            13.738866972029665
        ]
    ],
    "gradients": [
        [
            -0.045998379588127136,
            0.03423847630620003,
            -0.00645405612885952,
            -0.24612078070640564,
            -0.124729223549366,
            -0.03236628323793411,
            -0.022377045825123787,
            -0.11675954610109329,
            -0.034341923892498016,
            0.006159570068120956
        ],
        [
            -0.09902434920542973,
            -0.08359140670103621,
            -0.0008235528315867525,
            -0.07891165573695685,
            -0.004281638983029849,
            -0.021912181100145783,
            -0.01190386510800841,
            -0.10088614782331232,
            -0.00033066463336742664,
            0.10617253382660134
        ],
        [
            -0.0724671285901283,
            -0.017861781346750715,
            0.0009500272021195598,
            -0.03695489858807747,
            -0.03254379961848902,
            -0.005255876019963666,
            -0.008937258324005395,
            -0.1374224078032823,
            -0.048750172469134684,
            -0.02764994459463924
        ],
        [
            0.025403096464189125,
            -0.02839806976408683,
            -0.0010383808943796357,
            -0.08340529909815513,
            -0.07644481696335909,
            0.006745838365794003,
            -0.004313878873250694,
            -0.18149585331823725,
            -7.703503495492056e-09,
            0.054622495228378795
        ],
        [
            -0.07684293907592471,
            -0.014161033292429676,
            -0.005924847770702425,
            -0.02515609386922337,
            -0.025444006081340606,
            -0.03619220053661956,
            -0.011035129907705403,
            -0.19161128999197552,
            -0.03695191913256832,
            -0.012908757886549719
        ],
        [
            -0.014107063648703615,
            -0.042753835362952436,
            -0.025971839845083146,
            -0.048433823406242776,
            -0.024467893287443226,
            -0.03467612236994893,
            -0.02825132013564136,
            -0.15857302746665705,
            -2.3007928735994632e-11,
            0.026401473751228807
        ],
        [
            -0.09309827278203585,
            0.10674815927052433,
            -0.01537925451304669,
            -0.042706109115874503,
            -0.05542719735997195,
            -0.07028755514149915,
            -0.025341039371355966,
            -0.24424268261611176,
            -0.007174057221513457,
            0.014730444345257894
        ],
        [
            -0.035931124750664824,
            -0.020583136746110436,
            -0.009088302365624277,
            -0.03228500595454574,
            -0.0747101416229948,
            -0.028606241113383755,
            -0.02739736554076841,
            -0.2267443374815451,
            -0.014654953277023614,
            -0.0032394337630666185
        ],
        [
            -0.09062772771972814,
            0.10520580366613676,
            -0.016839880668211276,
            -0.04720576388400185,
            -0.06586537452503383,
            -0.058137256942929795,
            -0.025305593673319172,
            -0.23764046283710688,
            -1.3748530557561496e-07,
            0.020104026631748942
        ],
        [
            -0.035587208275740044,
            -0.029563659053603475,
            -0.017713148162151755,
            -0.05334636730818636,
            -0.08629244920166869,
            0.0022069313821978247,
            -0.028054444175489242,
            -0.1992877468154861,
            -1.5401351053203977e-06,
            0.009191440701976942
        ],
        [
            0.0,
            -4.889288691516307e-05,
            -2.9294308543923383e-05,
            0.0,
            0.0,
            3.649861010224666e-06,
            0.0,
            0.0,
            -1.5401351053203977e-06,
            0.009191440701976942
        ]
    ],