{
    "network_file": "optimization_cases/medium_complex/network_file_4.json",
    "config_file": "optimization_cases/medium_complex/config_file.json",
    "ad_method": "backward",
    "upper_speeds": [
        50.0,
        50.0,
        50.0,
        50.0,
        50.0,
        50.0,
        50.0,
        50.0
    ],
    "lower_speeds": [
        20.0,
        20.0,
        20.0,
        20.0,
        20.0,
        20.0,
        20.0,
        20.0
    ],
    "upper_time": 200.0,
    "lower_time": 10.0,
    "n_speeds": [
        1,
        1,
        1,
        1,
        1,
        1,
        1,
        1
    ],
    "last_speed_idx": 8,
    "n_cycles": [
        2
    ],
    "control_points": [
        [],
        [],
        [],
        [],
        [],
        [],
        [],
        [],
        []
    ],
    "parameters": [
        [
            50.0,
            50.0,
            50.0,
            50.0,
            50.0,
            50.0,
            49.65873385,
            50.0,
            109.9781099,
            10.0
        ],
        [
            49.985955426382944,
            50.0,
            50.0,
            50.0,
            49.984652146586434,
            50.0,
            49.66450733419052,
            50.0,
            110.07298060268172,
            12.5
        ],
        [
            49.985955426382944,
            50.0,
            50.0,
            50.0,
            49.984652146586434,
            50.0,
            49.66450733419052,
            50.0,
            110.07298060268172,
            12.5
        ]
    ],
    "gradients": [
        [
            2.4203877449035645,
            -5.538520812988281,
            -1.1691175699234009,
            -0.7452733516693115,
            2.6449899673461914,
            -13.037092208862305,
            -0.9949800372123718,
            -25.960054397583008,
            -0.09734160453081131,
            -2.565112352371216
        ],
        [
            1.4759065965113685,
            -6.163475162886411,
            -1.8696691463551285,
            0.3330826065542071,
            3.8621156957983866,
            -14.388287486204323,
            -1.0796825750666263,
            -25.750547122343423,
            -0.006168670945719124,
            -1.4283810051841965
        ],
        [
            0.0001883394806206711,
            0.0,
            0.0,
            4.250445473343712e-05,
            0.000492842071417632,
            0.0,
            -0.00013777759101008994,
            0.0,
            -0.006168670945719124,
            -1.4283810051841965
        ]
    ],
    "objectives": [
        944.4327392578125,
        941.476731410936,
        941.476731410936
    ]
}