{
    "network_file": "optimization_cases/medium_complex/network_file_2.json",
    "config_file": "optimization_cases/medium_complex/config_file.json",
    "ad_method": "backward",
    "upper_speeds": [
        50.0,
        50.0,
        50.0,
        50.0,
        50.0,
        50.0,
        50.0,
        50.0
    ],
    "lower_speeds": [
        20.0,
        20.0,
        20.0,
        20.0,
        20.0,
        20.0,
        20.0,
        20.0
    ],
    "upper_time": 200.0,
    "lower_time": 10.0,
    "n_speeds": [
        1,
        1,
        1,
        1,
        1,
        1,
        1,
        1
    ],
    "last_speed_idx": 8,
    "n_cycles": [
        2
    ],
    "control_points": [
        [],
        [],
        [],
        [],
        [],
        [],
        [],
        [],
        []
    ],
    "parameters": [
        [
            35.0,
            35.0,
            35.0,
            35.0,
            35.0,
            35.0,
            35.0,
            35.0,
            50.0,
            100.0
        ],
        [
            43.260446810781914,
            50.0,
            50.0,
            33.175443435094174,
            50.0,
            35.0,
            35.0,
            50.0,
            50.0,
            100.0
        ],
        [
            43.260446810781914,
            50.0,
            50.0,
            33.175443435094174,
            50.0,
            35.0,
            35.0,
            50.0,
            50.0,
            100.0
        ]
    ],
    "gradients": [
        [
            -0.20824450254440308,
            -0.5041967034339905,
            -0.4499153196811676,
            0.0459967702627182,
            -0.4222140312194824,
            0.0,
            0.0,
            -0.461249440908432,
            0.0,
            0.0
        ],
        [
            0.0,
            -0.31220528977108786,
            -0.14746711459606604,
            0.0,
            -0.1907539909063418,
            0.0,
            0.0,
            -0.19326623891531347,
            -1.3644100564533719e-68,
            7.074064362953626e-47
        ],
        [
            0.0,
            0.0,
            0.0,
            0.0,
            0.0,
            0.0,
            0.0,
            0.0,
            -1.3644100564533719e-68,
            7.074064362953626e-47
        ]
    ],
    "objectives": [
        25.400070190429688,
        17.7350700823865,
        17.7350700823865
    ]
}