{
    "network_file": "optimization_cases/medium_complex/network_file_4.json",
    "config_file": "optimization_cases/medium_complex/config_file.json",
    "ad_method": "backward",
    "upper_speeds": [
        50.0,
        50.0,
        50.0,
        50.0,
        50.0,
        50.0,
        50.0,
        50.0
    ],
    "lower_speeds": [
        20.0,
        20.0,
        20.0,
        20.0,
        20.0,
        20.0,
        20.0,
        20.0
    ],
    "upper_time": 200.0,
    "lower_time": 10.0,
    "n_speeds": [
        1,
        1,
        1,
        1,
        1,
        1,
        1,
        1
    ],
    "last_speed_idx": 8,
    "n_cycles": [
        2
    ],
    "control_points": [
        [],
        [],
        [],
        [],
        [],
        [],
        [],
        [],
        []
    ],
    "parameters": [
        [
            40.0,
            40.0,
            40.0,
            40.0,
            40.0,
            40.0,
            40.0,
            40.0,
            40.0,
            40.0
        ],
        [
            48.753062167244494,
            50.0,
            49.23824873656659,
            39.3875866120528,
            41.83785074143155,
            45.50003626878606,
            39.67746676262695,
            45.55639782093174,
            39.99999999999772,
            39.966412551469595
        ],
        [
            50.0,
            50.0,
            50.0,
            31.90614454937677,
            50.0,
            50.0,
            50.0,
            50.0,
            39.999999999999204,
            23.341141006023744
        ],
        [
            50.0,
            50.0,
            50.0,
            20.0,
            45.03611251881037,
            50.0,
            50.0,
            50.0,
            40.000000000000355,
            10.0
        ],
        [
            50.0,
            50.0,
            50.0,
            25.97550896154458,
            50.0,
            50.0,
            50.0,
            50.0,
            39.99999999999885,
            10.0
        ],
        [
            50.0,
            50.0,
            50.0,
            27.22550896154458,
            49.86624583253955,
            50.0,
            50.0,
            49.940395309319555,
            40.000000000001464,
            10.0
        ],
        [
            50.0,
            50.0,
            50.0,
            26.999247225942874,
            50.0,
            50.0,
            50.0,
            50.0,
            40.00000000000071,
            10.0
        ],
        [
            50.0,
            50.0,
            50.0,
            21.999247225942874,
            46.27870079913169,
            50.0,
            50.0,
            50.0,
            39.999999999985356,
            10.0
        ],
        [
            50.0,
            50.0,
            50.0,
            22.624247225942874,
            46.40396430749792,
            50.0,
            50.0,
            50.0,
            39.99999999998805,
            10.0
        ],
        [
            50.0,
            50.0,
            50.0,
            22.624247225942874,
            46.40396430749792,
            50.0,
            50.0,
            50.0,
            39.99999999998805,
            10.0
        ]
    ],
    "gradients": [
        [
            -0.36897289752960205,
            -0.8430715799331665,
            -0.38942524790763855,
            0.025815416127443314,
            -0.07747198641300201,
            -0.23184621334075928,
            0.01359593030065298,
            -0.23422205448150635,
            2.6721533040213914e-14,
            0.00039328643470071256
        ],
        [
            -0.14339903051064712,
            -0.34098250281183706,
            -0.13829326977719802,
            0.1299335916132889,
            -0.25708256313155964,
            -0.3473490552349825,
            -0.29333558809316,
            -0.22622504224806098,
            -7.158958127648097e-15,
            0.08020517172688409
        ],
        [
            -0.34158830731387646,
            -0.3735396939715099,
            -0.46984973350403103,
            0.2431521543351918,
            0.07061199282610539,
            -0.17696508777177788,
            -0.1637644361704744,
            -0.12407332610233232,
            -4.537023167466808e-15,
            0.0790285538341623
        ],
        [
            -0.21441847836890338,
            -0.5859395427312679,
            -0.3200601868524698,
            -0.04880611278997357,
            -0.16335382677547827,
            -0.06990753537446948,
            -0.055185221795730544,
            -0.1446299657495588,
            3.4255706277677454e-15,
            0.001377316643872477
        ],
        [
            -0.266087609988318,
            -0.537798937926357,
            -0.5094176460115887,
            -0.6405647217857235,
            0.06854256085358928,
            -0.15308802130188892,
            -0.004394922488385831,
            0.030544529682273655,
            -2.2178592660354508e-15,
            0.06917064670695441
        ],
        [
            -0.20918971630478783,
            -0.5185762986940112,
            -0.2701506998267748,
            0.008476825501887653,
            -0.14598212321762954,
            -0.15062683755867415,
            -0.0028990793003241836,
            -0.1873234437839197,
            6.035395990008581e-16,
            0.0007047506324588421
        ],
        [
            -0.25278865920642735,
            -0.5825027988335607,
            -0.3471190479488464,
            0.00917119814391917,
            0.006825754464794262,
            -0.15495577334231006,
            -0.00678974016312509,
            -0.15050118318770817,
            6.035396203930027e-16,
            0.0007098432445446192
        ],
        [
            -0.21581696799795294,
            -0.46692693254347817,
            -0.32137251213396634,
            -0.7727140132082135,
            -0.15486858921313984,
            -0.0700597364307137,
            -0.0490836131007119,
            -0.00845730972936539,
            -1.530309989687925e-15,
            0.08534554659083031
        ],
        [
            -0.21788415149262724,
            -0.4756666226011971,
            -0.3339242689476419,
            -0.7231258408046521,
            -0.15401339847980386,
            -0.05526116686975083,
            -0.05047859218229937,
            -0.009598822554055295,
            -1.5263862540325114e-15,
            0.08536281186659668
        ],
        [
            0.0,
            0.0,
            0.0,
            -9.22776181111033e-05,
            -1.965354958564093e-05,
            0.0,
            0.0,
            0.0,
            -1.5263862540325114e-15,
            0.0
        ]
    ],
    "objectives": [
        44.77238845825195,
        40.5504213490449,
        33.593949658209766,
        29.307662410133407,
        29.000605142638733,
        28.86576853358855,
        28.85667190414347,
        28.800084363208185,
        28.79561426348535,
        28.79561426348535
    ]
}