{
    "network_file": "optimization_cases/medium_complex/network_file.json",
    "config_file": "optimization_cases/medium_complex/config_file.json",
    "ad_method": "backward",
    "upper_speeds": [
        50.0,
        50.0,
        50.0,
        50.0,
        50.0,
        50.0,
        50.0,
        50.0
    ],
    "lower_speeds": [
        20.0,
        20.0,
        20.0,
        20.0,
        20.0,
        20.0,
        20.0,
        20.0
    ],
    "upper_time": 200.0,
    "lower_time": 10.0,
    "n_speeds": [
        1,
        1,
        1,
        1,
        1,
        1,
        1,
        1
    ],
    "last_speed_idx": 8,
    "n_cycles": [
        2
    ],
    "control_points": [
        [],
        [],
        [],
        [],
        [],
        [],
        [],
        [],
        []
    ],
    "parameters": [
        [
            40.0,
            40.0,
            40.0,
            40.0,
            40.0,
            40.0,
            40.0,
            40.0,
            60.0,
            60.0
        ],
        [
            49.475358658045785,
            50.0,
            50.0,
            50.0,
            39.85498827457872,
            44.74392778274507,
            40.25377342140062,
            40.54898013157145,
            60.0,
            44.63680786636691
        ],
        [
            50.0,
            50.0,
            50.0,
            50.0,
            47.54924697476115,
            50.0,
            50.0,
            49.8232482627264,
            60.0,
            24.636807866366908
        ],
        [
            50.0,
            50.0,
            50.0,
            50.0,
            47.730200852803456,
            50.0,
            50.0,
            50.0,
            60.0,
            19.636807866366908
        ],
        [
            50.0,
            50.0,
            50.0,
            50.0,
            47.730200852803456,
            50.0,
            50.0,
            50.0,
            60.0,
            19.636807866366908
        ]
    ],
    "gradients": [
        [
            -0.4591856300830841,
            -0.6038567423820496,
            -0.9692205786705017,
            -0.8075046539306641,
            0.007027417421340942,
            -0.22989562153816223,
            -0.012298121117055416,
            -0.026604142040014267,
            -1.1672893459235457e-22,
            0.20681002736091614
        ],
        [
            -0.18670975206385218,
            -0.32729188885454036,
            -0.1480236131611169,
            -0.35796247923072205,
            -0.2696966505182173,
            -0.3252804034145437,
            -0.5298466290125979,
            -0.32507862660259074,
            -1.8144070015002837e-23,
            0.1947315243072972
        ],
        [
            -0.37871300087628856,
            -0.44005417563733934,
            -0.6852137891468717,
            -0.18936545901189716,
            -0.1360820438380827,
            -0.19462965677628,
            -0.036244040891070216,
            -0.1513788695437263,
            -1.6800295275012908e-23,
            0.08059264893256142
        ],
        [
            -0.31301534088890476,
            -0.37831857433177674,
            -0.6436991061670325,
            -0.664580494506998,
            -0.13506450514713875,
            -0.0837279104334257,
            -0.046078895051457874,
            0.08494589570500495,
            -2.41556110287146e-23,
            0.21522295333440594
        ],
        [
            0.0,
            0.0,
            0.0,
            0.0,
            -0.0002233719975067362,
            0.0,
            0.0,
            0.0001404849807353535,
            -2.41556110287146e-23,
            0.21522295333440594
        ]
    ],
    "objectives": [
        54.74107360839844,
        47.37057926785247,
        38.78242838001276,
        37.26172045795847,
        37.26172045795847
    ]
}