{
    "network_file": "optimization_cases/medium_complex/network_file_1.json",
    "config_file": "optimization_cases/medium_complex/config_file.json",
    "ad_method": "backward",
    "upper_speeds": [
        50.0,
        50.0,
        50.0,
        50.0,
        50.0,
        50.0,
        50.0,
        50.0
    ],
    "lower_speeds": [
        20.0,
        20.0,
        20.0,
        20.0,
        20.0,
        20.0,
        20.0,
        20.0
    ],
    "upper_time": 200.0,
    "lower_time": 10.0,
    "n_speeds": [
        1,
        1,
        1,
        1,
        1,
        1,
        1,
        1
    ],
    "last_speed_idx": 8,
    "n_cycles": [
        2
    ],
    "control_points": [
        [],
        [],
        [],
        [],
        [],
        [],
        [],
        [],
        []
    ],
    "parameters": [
        [
            50.0,
            50.0,
            50.0,
            50.0,
            50.0,
            50.0,
            50.0,
            50.0,
            30.0,
            30.0
        ],
        [
            50.0,
            50.0,
            50.0,
            50.0,
            47.32881364764447,
            50.0,
            50.0,
            42.43330648846045,
            30.00000004544111,
            10.0
        ],
        [
            50.0,
            50.0,
            41.33048951874631,
            47.60218170145646,
            50.0,
            50.0,
            50.0,
            50.0,
            29.99999999024749,
            10.0
        ],
        [
            50.0,
            50.0,
            50.0,
            41.91711726741014,
            47.50369772421459,
            50.0,
            50.0,
            50.0,
            30.00000029864013,
            10.0
        ],
        [
            50.0,
            50.0,
            50.0,
            41.91711726741014,
            47.50369772421459,
            50.0,
            50.0,
            50.0,
            30.00000029864013,
            10.0
        ]
    ],
    "gradients": [
        [
            -0.2308221161365509,
            -0.327453076839447,
            -0.2669145166873932,
            -0.2765682637691498,
            0.04717463254928589,
            -0.47515639662742615,
            -0.30151644349098206,
            0.13363200426101685,
            -2.2292089008058014e-10,
            0.09811419248580933
        ],
        [
            -0.28947267179392044,
            -0.32598888895132705,
            0.17908653730418703,
            0.04953185962452203,
            -0.19758188925791365,
            -0.311451940019556,
            -0.20223271437311519,
            -0.20657052977954243,
            8.797357325581404e-11,
            0.003350709275068299
        ],
        [
            -0.3618620988114041,
            -0.2634879437783679,
            -0.15736761330529112,
            0.04473225107363322,
            0.019641856561445833,
            -0.11758559584866304,
            -0.022888337357573917,
            -0.06181513517003906,
            -6.740418643526679e-10,
            0.07553997512278213
        ],
        [
            -0.19305008233424595,
            -0.23388269369328304,
            0.09212327840607579,
            0.13625278957793546,
            -0.1917668007877006,
            -0.5434115029949185,
            -0.3234402717440386,
            0.04703345218531951,
            -4.3884459180834584e-11,
            0.10427108841066644
        ],
        [
            0.0,
            0.0,
            0.00015235505947337527,
            0.0002253372026997961,
            -0.0003171472275470183,
            0.0,
            0.0,
            7.778473073163996e-05,
            -4.3884459180834584e-11,
            0.0
        ]
    ],
    "objectives": [
        35.939964294433594,
        30.12796902670979,
        30.01927315969894,
        28.89370634462135,
        28.89370634462135
    ]
}