{
    "network_file": "optimization_cases/medium_complex/network_file_4.json",
    "config_file": "optimization_cases/medium_complex/config_file.json",
    "ad_method": "backward",
    "upper_speeds": [
        50.0,
        50.0,
        50.0,
        50.0,
        50.0,
        50.0,
        50.0,
        50.0
    ],
    "lower_speeds": [
        20.0,
        20.0,
        20.0,
        20.0,
        20.0,
        20.0,
        20.0,
        20.0
    ],
    "upper_time": 200.0,
    "lower_time": 10.0,
    "n_speeds": [
        1,
        1,
        1,
        1,
        1,
        1,
        1,
        1
    ],
    "last_speed_idx": 8,
    "n_cycles": [
        2
    ],
    "control_points": [
        [],
        [],
        [],
        [],
        [],
        [],
        [],
        [],
        []
    ],
    "parameters": [
        [
            50.0,
            50.0,
            50.0,
            50.0,
            50.0,
            50.0,
            50.0,
            50.0,
            10.0,
            30.0
        ],
        [
            50.0,
            50.0,
            50.0,
            50.0,
            50.0,
            50.0,
            50.0,
            50.0,
            10.0,
            30.0
        ]
    ],
    "gradients": [
        [
            -0.11633802950382233,
            -0.313711553812027,
            -0.1850307583808899,
            -0.16740316152572632,
            0.012749806046485901,
            -0.11804775148630142,
            -0.0042457301169633865,
            -0.04866521805524826,
            -0.0720985010266304,
            1.0589259639504425e-13
        ],
        [
            0.0,
            0.0,
            0.0,
            0.0,
            0.0002732725918742691,
            0.0,
            0.0,
            0.0,
            -0.0720985010266304,
            1.0589259639504425e-13
        ]
    ],
    "objectives": [
        29.112634658813477,
        29.112634658813477
    ]
}