{
    "network_file": "optimization_cases/medium_complex/network_file.json",
    "config_file": "optimization_cases/medium_complex/config_file.json",
    "ad_method": "backward",
    "upper_speeds": [
        50.0,
        50.0,
        50.0,
        50.0,
        50.0,
        50.0,
        50.0,
        50.0
    ],
    "lower_speeds": [
        20.0,
        20.0,
        20.0,
        20.0,
        20.0,
        20.0,
        20.0,
        20.0
    ],
    "upper_time": 200.0,
    "lower_time": 10.0,
    "n_speeds": [
        1,
        1,
        1,
        1,
        1,
        1,
        1,
        1
    ],
    "last_speed_idx": 8,
    "n_cycles": [
        2
    ],
    "control_points": [
        [],
        [],
        [],
        [],
        [],
        [],
        [],
        [],
        []
    ],
    "parameters": [
        [
            40.0,
            40.0,
            40.0,
            40.0,
            40.0,
            40.0,
            40.0,
            40.0,
            60.0,
            60.0
        ],
        [
            36.83132831401937,
            34.89396057781929,
            38.33255117506195,
            40.674979364358016,
            35.717002346968755,
            21.60438963235953,
            38.5754136580415,
            41.82886688984261,
            59.555635990862946,
            80.0
        ],
        [
            35.58638374896949,
            31.154209397399406,
            37.689795008507346,
            46.05541174649906,
            36.73058611966898,
            20.0,
            39.36913093611973,
            45.51002572688691,
            59.55563630587302,
            84.70774339613064
        ],
        [
            34.397707571218426,
            26.00439768734082,
            37.38444016882882,
            50.0,
            34.853519790470266,
            20.0,
            39.93508849034969,
            45.78759977939079,
            59.55563630197634,
            94.70774339613064
        ],
        [
            34.25098466530855,
            25.671070819946355,
            37.419224152438275,
            50.0,
            34.85575876727008,
            20.0,
            40.00247708339347,
            45.729080605861036,
            59.555636301976044,
            99.70774339613064
        ],
        [
            34.12359243566658,
            27.939226365706247,
            37.36195244688537,
            50.0,
            34.78847262718368,
            20.0,
            40.05340199463188,
            45.84309331758257,
            59.555636301976044,
            104.70774339613064
        ],
        [
            33.97934738807283,
            26.60853916008374,
            37.26119985402854,
            50.0,
            34.78527540183031,
            20.0,
            40.1285733116289,
            45.8179006597978,
            59.555636301976044,
            109.70774339613064
        ],
        [
            33.9586076126755,
            26.227837322287424,
            37.24245231520157,
            50.0,
            34.78665269794435,
            20.0,
            40.141327202926725,
            45.81572244230625,
            59.555636301976044,
            112.20774339613064
        ],
        [
            33.937913133441036,
            25.824254033706154,
            37.22036374912627,
            50.0,
            34.79444271763042,
            20.0,
            40.164754704864514,
            45.80516902782521,
            59.555636301976044,
            114.70774339613064
        ],
        [
            33.935017986215,
            25.916706692159455,
            37.215802128107484,
            50.0,
            34.79246754885953,
            20.0,
            40.166794586231546,
            45.804592432997964,
            59.555636301976044,
            115.95774339613064
        ],
        [
            33.912374932994865,
            26.043888441609614,
            37.180604473451176,
            50.0,
            34.776650127070084,
            20.0,
            40.183347739107326,
            45.79974340805372,
            59.555636301976044,
            118.45774339613064
        ],
        [
            33.90816223206066,
            25.95250481781613,
            37.174175084017584,
            50.0,
            34.77461585392807,
            20.0,
            40.18849247823469,
            45.79712481246079,
            59.555636301976044,
            119.70774339613064
        ],
        [
            33.90343400689066,
            25.908540338208486,
            37.16620097126023,
            50.0,
            34.77094359309712,
            20.0,
            40.192232718911164,
            45.79600815759406,
            59.555636301976044,
            120.95774339613064
        ],
        [
            33.90343400689066,
            25.908540338208486,
            37.16620097126023,
            50.0,
            34.77094359309712,
            20.0,
            40.192232718911164,
            45.79600815759406,
            59.555636301976044,
            120.95774339613064
        ]
    ],