{
    "network_file": "optimization_cases/medium_complex/network_file_1.json",
    "config_file": "optimization_cases/medium_complex/config_file.json",
    "ad_method": "backward",
    "upper_speeds": [
        50.0,
        50.0,
        50.0,
        50.0,
        50.0,
        50.0,
        50.0,
        50.0
    ],
    "lower_speeds": [
        20.0,
        20.0,
        20.0,
        20.0,
        20.0,
        20.0,
        20.0,
        20.0
    ],
    "upper_time": 200.0,
    "lower_time": 10.0,
    "n_speeds": [
        1,
        1,
        1,
        1,
        1,
        1,
        1,
        1
    ],
    "last_speed_idx": 8,
    "n_cycles": [
        2
    ],
    "control_points": [
        [],
        [],
        [],
        [],
        [],
        [],
        [],
        [],
        []
    ],
    "parameters": [
        [
            50.0,
            50.0,
            50.0,
            50.0,
            50.0,
            50.0,
            50.0,
            50.0,
            30.0,
            30.0
        ],
        [
            50.0,
            50.0,
            48.54292895378293,
            50.0,
            50.0,
            50.0,
            50.0,
            48.88781599619022,
            50.0,
            29.033270349482073
        ],
        [
            50.0,
            50.0,
            50.0,
            50.0,
            50.0,
            50.0,
            50.0,
            50.0,
            70.0,
            41.9501470522713
        ],
        [
            50.0,
            42.55113572629285,
            46.98538215110493,
            50.0,
            50.0,
            50.0,
            50.0,
            50.0,
            90.0,
            38.83964966423396
        ],
        [
            50.0,
            42.65666966318611,
            47.04453538244423,
            50.0,
            50.0,
            50.0,
            50.0,
            50.0,
            90.06764852995576,
            33.83964966423396
        ],
        [
            50.0,
            47.72355355214703,
            48.09478715750527,
            50.0,
            50.0,
            50.0,
            50.0,
            50.0,
            110.06764852995576,
            29.559508688165593
        ],
        [
            50.0,
            50.0,
            50.0,
            50.0,
            50.0,
            50.0,
            50.0,
            50.0,
            110.067657485278,
            10.0
        ],
        [
            50.0,
            48.871008651908376,
            50.0,
            50.0,
            50.0,
            50.0,
            50.0,
            50.0,
            120.067657485278,
            18.901578801029384
        ],
        [
            50.0,
            50.0,
            47.091045932887894,
            50.0,
            50.0,
            50.0,
            50.0,
            50.0,
            120.06768155111396,
            10.0
        ],
        [
            50.0,
            49.503797240252204,
            47.23886917423949,
            50.0,
            50.0,
            50.0,
            50.0,
            50.0,
            121.31768155111396,
            10.0
        ],
        [
            50.0,
            50.0,
            50.0,
            50.0,
            50.0,
            50.0,
            50.0,
            50.0,
            121.41894227018852,
            10.0
        ],
        [
            50.0,
            50.0,
            50.0,
            50.0,
            50.0,
            50.0,
            50.0,
            50.0,
            121.41894227018852,
            10.0
        ]
    ],
    "gradients": [
        [
            -0.12012175470590591,
            -0.03392958641052246,
            0.016252275556325912,
            -0.07454724609851837,
            -0.03909723088145256,
            -0.041262272745370865,
            -0.016617683693766594,
            0.012405380606651306,
            -0.061967067420482635,
            0.0029952700715512037
        ],
        [
            -0.11899528166945789,
            -0.005965684122446725,
            -0.019822428816516573,
            -0.06888399476361523,
            -0.03669721957294101,
            -0.026579585127349502,
            -0.01033495647128902,
            -0.061249167995622245,
            -0.060486121437268475,
            -0.03906458864175665
        ],
        [
            -0.11136119390391844,
            0.06072670123775126,
            0.024576605335934535,
            -0.04553837762690251,
            -0.04132277080936501,
            -0.03378872396284257,
            -0.014461865884110072,
            -0.15549518441183025,
            -0.04529154378913777,
            0.007043961432814593
        ],
        [
            -0.019628060003405574,
            -0.025364170118093783,
            -0.014216968180032109,
            -0.04781374451195293,
            -0.044870068588108686,
            -0.0004763749981972331,
            -0.01124298062899942,
            -0.16359432243207497,
            -0.00034848122040333874,
            0.025756747458608866
        ],
        [
            -0.001209007804336009,
            -0.017727818486091267,
            -0.0036745805195065313,
            -0.041345374273435,
            -0.04642175248585877,
            -0.004978063981340513,
            -0.011252236551850934,
            -0.20316204781059172,
            -0.01943756411960762,
            0.0041597757331644425
        ],
        [
            -0.014808176853385525,
            -0.01910025598368954,
            -0.016021964274418196,
            -0.04659496820082061,
            -0.04481713433489898,
            -0.010244490052597914,
            -0.011316762708832029,
            -0.20831119015529329,
            -1.2747638012597021e-08,
            0.028469412195422424
        ],
        [
            -0.09013401467427892,
            0.05567155897935548,
            -0.007861738745872135,
            -0.02472126625342228,
            -0.06759521967916145,
            -0.0887302202794576,
            -0.016303578494623817,
            -0.2885452458302911,
            -0.03804851994867851,
            -0.03386918985857002
        ],
        [
            -0.037661188231671756,
            -0.017249603577974768,
            0.012024767576019394,
            -0.030260359391070975,
            -0.0411713019183485,
            -0.05095410801896932,
            -0.016277419236198052,
            -0.2572569697802314,
            -2.7633651631617562e-08,
            0.022965046119665756
        ],
        [
            -0.0859057327329907,
            0.05610659703417313,
            -0.01671465720790136,
            -0.02627129761372103,
            -0.06452002116579258,
            -0.09360922138853757,
            -0.008688249623932848,
            -0.31512323052304164,
            -0.00023375034609030742,
            0.00514600837898887
        ],
        [
            -0.03915353937025737,
            -0.04486038458074389,
            -0.01854424179150762,
            -0.020556021131262807,
            -0.051094061202413055,
            -0.0632654125698327,
            -0.008620830909663086,
            -0.2966368285680746,
            -6.309159445287754e-05,
            0.005023531397271714
        ],
        [
            -0.08826921715737879,
            0.04998008970094753,
            -0.011768780033206163,
            -0.02901264701638098,
            -0.06759537575425102,
            -0.0887727214923323,
            -0.0163360865252874,
            -0.29672002851284146,
            -5.902208854831118e-05,
            0.004120308001572719
        ],
        [
            0.0,
            8.265793044519221e-05,
            0.0,
            0.0,
            0.0,
            0.0,
            0.0,
            0.0,
            -5.902208854831118e-05,
            0.0
        ]
    ],