{
    "network_file": "optimization_cases/medium_complex/network_file.json",
    "config_file": "optimization_cases/medium_complex/config_file.json",
    "ad_method": "backward",
    "upper_speeds": [
        50.0,
        50.0,
        50.0,
        50.0,
        50.0,
        50.0,
        50.0,
        50.0
    ],
    "lower_speeds": [
        20.0,
        20.0,
        20.0,
        20.0,
        20.0,
        20.0,
        20.0,
        20.0
    ],
    "upper_time": 200.0,
    "lower_time": 10.0,
    "n_speeds": [
        1,
        1,
        1,
        1,
        1,
        1,
        1,
        1
    ],
    "last_speed_idx": 8,
    "n_cycles": [
        2
    ],
    "control_points": [
        [],
        [],
        [],
        [],
        [],
        [],
        [],
        [],
        []
    ],
    "parameters": [
        [
            40.0,
            40.0,
            40.0,
            40.0,
            40.0,
            40.0,
            40.0,
            40.0,
            60.0,
            60.0
        ],
        [
            43.22587051962419,
            50.0,
            44.947529057566385,
            39.960070359008604,
            42.23552840670082,
            43.07339494932444,
            42.454001495708205,
            45.73658319613655,
            60.32665031364519,
            60.0
        ],
        [
            46.07668013544217,
            50.0,
            44.933718522516756,
            39.9600703651474,
            50.0,
            50.0,
            43.141538277444106,
            50.0,
            61.228469726454364,
            60.0
        ],
        [
            46.07668013544217,
            50.0,
            44.933718522516756,
            39.9600703651474,
            50.0,
            50.0,
            43.141538277444106,
            50.0,
            61.228469726454364,
            60.0
        ]
    ],
    "gradients": [
        [
            -0.37344790995121,
            -2.315331056714058,
            -0.5727583840489343,
            0.004622516893540762,
            -0.25879941741004586,
            -0.3557963387859502,
            -0.2840912938117981,
            -0.6641044616719469,
            -0.010504216887056828,
            2.6707804969211937e-24
        ],
        [
            -0.09635103733863928,
            -1.9794933085577093,
            0.00046676543072180757,
            -2.0747784098674394e-10,
            -0.5578633737028265,
            -0.5334712433302655,
            -0.023237217161453983,
            -0.6759556078668091,
            -0.008466526241271057,
            3.470225183510817e-26
        ],
        [
            -0.2281612407502904,
            -2.5056969152780164,
            0.00022285722145470348,
            -1.9801169115460933e-10,
            -0.0920760253923588,
            -0.1885727074634179,
            -0.013480597786417397,
            -0.34137103147521414,
            -0.005027358180850811,
            2.4111267193644082e-26
        ],
        [
            -0.0003773369772057197,
            0.0,
            3.6856509903107386e-07,
            -3.274751344530359e-13,
            0.0,
            0.0,
            -2.2294444064756792e-05,
            0.0,
            -0.005027358180850811,
            2.4111267193644082e-26
        ]
    ],
    "objectives": [
        50.24661636352539,
        47.83238220214844,
        47.05769348144531,
        47.05769348144531
    ]
}