{
    "network_file": "optimization_cases/medium_complex/network_file_1.json",
    "config_file": "optimization_cases/medium_complex/config_file.json",
    "ad_method": "backward",
    "upper_speeds": [
        50.0,
        50.0,
        50.0,
        50.0,
        50.0,
        50.0,
        50.0,
        50.0
    ],
    "lower_speeds": [
        20.0,
        20.0,
        20.0,
        20.0,
        20.0,
        20.0,
        20.0,
        20.0
    ],
    "upper_time": 200.0,
    "lower_time": 10.0,
    "n_speeds": [
        1,
        1,
        1,
        1,
        1,
        1,
        1,
        1
    ],
    "last_speed_idx": 8,
    "n_cycles": [
        2
    ],
    "control_points": [
        [],
        [],
        [],
        [],
        [],
        [],
        [],
        [],
        []
    ],
    "parameters": [
        [
            50.0,
            50.0,
            50.0,
            50.0,
            50.0,
            50.0,
            50.0,
            50.0,
            30.0,
            30.0
        ],
        [
            50.0,
            50.0,
            50.0,
            49.625070895570026,
            50.0,
            50.0,
            50.0,
            50.0,
            30.00000004544108,
            10.0
        ],
        [
            50.0,
            50.0,
            50.0,
            49.625070895570026,
            50.0,
            50.0,
            50.0,
            50.0,
            30.00000004544108,
            10.0
        ]
    ],
    "gradients": [
        [
            -0.541058287024498,
            -0.8979399278759956,
            -0.5236348025500774,
            0.019864367812994776,
            -0.115057572722435,
            -0.5606888566868236,
            -0.142912982031703,
            -0.2270146849550656,
            -6.687622122747425e-10,
            0.294342577455714
        ],
        [
            -0.6978405572093296,
            -0.9760688479382307,
            -0.025278372971848845,
            -6.754298868612924e-09,
            0.1657857172386566,
            -0.4447173440532708,
            -0.16248388210746423,
            -0.24312810185778452,
            2.1201881550509874e-10,
            0.004771796077087479
        ],
        [
            0.0,
            0.0,
            0.0,
            -1.1170375432064573e-11,
            0.0002741792655097895,
            0.0,
            0.0,
            0.0,
            2.1201881550509874e-10,
            0
        ]
    ],
    "objectives": [
        35.939964294433594,
        29.129638671875,
        29.129638671875
    ]
}