{
    "network_file": "optimization_cases/single_junction/network_file.json",
    "config_file": "optimization_cases/single_junction/config_file.json",
    "ad_method": "backward",
    "upper_speeds": [
        50.0,
        50.0
    ],
    "lower_speeds": [
        20.0,
        20.0
    ],
    "upper_time": 200.0,
    "lower_time": 10.0,
    "n_speeds": [
        1,
        1
    ],
    "last_speed_idx": 2,
    "n_cycles": [
        2
    ],
    "control_points": [
        [],
        []
    ],
    "parameters": [
        [
            40.0,
            40.0,
            50.0,
            100.0
        ],
        [
            48.620391169505794,
            50.0,
            46.7625468882903,
            100.0
        ],
        [
            50.0,
            50.0,
            26.762546888290306,
            100.0
        ],
        [
            50.0,
            50.0,
            10.0,
            100.0
        ],
        [
            50.0,
            50.0,
            10.0,
            100.0
        ]
    ],
    "gradients": [
        [
            -0.5504347681999207,
            -1.277052879333496,
            0.0574222058057785,
            3.113399322843021e-39
        ],
        [
            -0.19599077147383234,
            -1.1674071154132588,
            0.2903008140278133,
            5.726874201981996e-40
        ],
        [
            -0.06212423048143429,
            -1.7179265225787752,
            0.5697246658081303,
            6.989372583996385e-40
        ],
        [
            -0.34288985355429225,
            -0.7866862560482388,
            0.0523958337774054,
            2.9660638859925696e-40
        ],
        [
            0.0,
            0.0,
            0.0,
            2.9660638859925696e-40
        ]
    ],
    "objectives": [
        79.35478210449219,
        71.76066269482162,
        51.484049314884295,
        34.879046966976055,
        34.879046966976055
    ]
}