{
    "network_file": "optimization_cases/single_junction/network_file_1.json",
    "config_file": "optimization_cases/single_junction/config_file.json",
    "ad_method": "backward",
    "upper_speeds": [
        50.0,
        50.0
    ],
    "lower_speeds": [
        20.0,
        20.0
    ],
    "upper_time": 200.0,
    "lower_time": 10.0,
    "n_speeds": [
        1,
        1
    ],
    "last_speed_idx": 2,
    "n_cycles": [
        2
    ],
    "control_points": [
        [],
        []
    ],
    "parameters": [
        [
            30.0,
            20.0,
            60.0,
            60.0
        ],
        [
            41.821311712273854,
            40.0,
            56.06207329968788,
            60.000000000000014
        ],
        [
            50.0,
            50.0,
            46.180729981116144,
            60.000000000000014
        ],
        [
            50.0,
            50.0,
            26.180729981116144,
            60.000000000000014
        ],
        [
            50.0,
            50.0,
            10.0,
            60.000000000000014
        ],
        [
            50.0,
            50.0,
            10.0,
            60.000000000000014
        ]
    ],
    "gradients": [
        [
            -3.306332588195801,
            -5.593850612640381,
            0.30594685673713684,
            -1.2876295226254783e-15
        ],
        [
            -0.7051775886930366,
            -1.347705673211694,
            0.18496031179710554,
            -1.2532482210423621e-21
        ],
        [
            -0.29314161860147725,
            -1.2367340824496136,
            0.35389247960771747,
            4.026027651512124e-22
        ],
        [
            -0.30155244120699654,
            -1.2273946074514863,
            0.35392308064819433,
            4.202993048316044e-22
        ],
        [
            -0.4119157651699824,
            -0.8098836638998431,
            0.12137160236732564,
            1.4555162789377091e-22
        ],
        [
            0.0,
            0.0,
            0.0,
            1.4555162789377091e-22
        ]
    ],
    "objectives": [
        114.37149810791016,
        86.11006805113186,
        71.19779479777044,
        51.19779966588685,
        34.94219828394054,
        34.94219828394054
    ]
}