{
    "network_file": "optimization_cases/single_junction/network_file.json",
    "config_file": "optimization_cases/single_junction/config_file.json",
    "ad_method": "backward",
    "upper_speeds": [
        50.0,
        50.0
    ],
    "lower_speeds": [
        20.0,
        20.0
    ],
    "upper_time": 200.0,
    "lower_time": 10.0,
    "n_speeds": [
        1,
        1
    ],
    "last_speed_idx": 2,
    "n_cycles": [
        2
    ],
    "control_points": [
        [],
        []
    ],
    "parameters": [
        [
            40.0,
            40.0,
            50.0,
            100.0
        ],
        [
            50.0,
            50.0,
            42.99651902041529,
            100.0
        ],
        [
            50.0,
            50.0,
            22.996519020415292,
            100.0
        ],
        [
            50.0,
            50.0,
            10.0,
            100.0
        ],
        [
            50.0,
            50.0,
            10.0,
            100.0
        ]
    ],
    "gradients": [
        [
            -0.7399579882621765,
            -1.2934677600860596,
            0.12581634521484375,
            5.097210552295343e-39
        ],
        [
            -0.4092452184062477,
            -0.8117478921172315,
            0.12121764039351222,
            3.544775128239322e-40
        ],
        [
            -0.4122585381543738,
            -0.8090534295090991,
            0.12090863219230194,
            3.873004632863879e-40
        ],
        [
            -0.4119157651699824,
            -0.8098836638998431,
            0.12137160236732564,
            6.183548777271302e-40
        ],
        [
            0.0,
            0.0,
            0.0,
            6.183548777271302e-40
        ]
    ],
    "objectives": [
        79.97584533691406,
        67.94173758303047,
        47.94171729336639,
        34.94219828394054,
        34.94219828394054
    ]
}