{
    "network_file": "optimization_cases/single_junction/network_file_1.json",
    "config_file": "optimization_cases/single_junction/config_file.json",
    "ad_method": "backward",
    "upper_speeds": [
        50.0,
        50.0
    ],
    "lower_speeds": [
        20.0,
        20.0
    ],
    "upper_time": 200.0,
    "lower_time": 10.0,
    "n_speeds": [
        1,
        1
    ],
    "last_speed_idx": 2,
    "n_cycles": [
        2
    ],
    "control_points": [
        [],
        []
    ],
    "parameters": [
        [
            30.0,
            20.0,
            60.0,
            60.0
        ],
        [
            44.76145084043614,
            40.0,
            56.433637125022244,
            60.00000000000001
        ],
        [
            50.0,
            50.0,
            46.59753054667646,
            60.00000000000001
        ],
        [
            49.86182639365603,
            50.0,
            26.59753054667646,
            60.00000000000001
        ],
        [
            50.0,
            50.0,
            10.0,
            60.00000000000001
        ],
        [
            50.0,
            50.0,
            10.0,
            60.00000000000001
        ]
    ],
    "gradients": [
        [
            -3.25750732421875,
            -4.413532733917236,
            0.21861471235752106,
            -5.513343277029753e-16
        ],
        [
            -0.9715077593988345,
            -0.907114629206626,
            0.13272019254356737,
            -7.051813199534362e-22
        ],
        [
            0.01657153857334857,
            -1.9108845794012659,
            0.6662929746227111,
            3.5693964100599224e-22
        ],
        [
            -0.09175207965980679,
            -1.0805512135418816,
            0.1295142751841787,
            2.4051991964947315e-23
        ],
        [
            -0.34288985355429225,
            -0.7866862560482388,
            0.0523958337774054,
            6.981677392600121e-23
        ],
        [
            0.0,
            0.0,
            0.0,
            6.981677392600121e-23
        ]
    ],
    "objectives": [
        113.50404357910156,
        85.86387526925508,
        71.38224320307357,
        51.232126577739876,
        34.879046966976055,
        34.879046966976055
    ]
}