{
    "network_file": "optimization_cases/single_junction/network_file_1.json",
    "config_file": "optimization_cases/single_junction/config_file.json",
    "ad_method": "backward",
    "upper_speeds": [
        40.0,
        40.0
    ],
    "lower_speeds": [
        40.0,
        40.0
    ],
    "upper_time": 200.0,
    "lower_time": 10.0,
    "n_speeds": [
        1,
        1
    ],
    "last_speed_idx": 2,
    "n_cycles": [
        2
    ],
    "control_points": [
        [],
        []
    ],
    "parameters": [
        [
            40.0,
            40.0,
            60.0,
            60.0
        ],
        [
            40.0,
            40.0,
            57.22376675475113,
            40.0
        ],
        [
            40.0,
            40.0,
            59.95147962419761,
            20.0
        ],
        [
            40.0,
            40.0,
            57.04079123560455,
            10.0
        ],
        [
            40.0,
            40.0,
            62.04079123560455,
            10.0
        ],
        [
            40.0,
            40.0,
            82.04079123560456,
            10.0
        ],
        [
            40.0,
            40.0,
            82.04079123560456,
            10.0
        ]
    ],
    "gradients": [
        [
            -2.0714023113250732,
            -1.8725937604904175,
            0.03162249177694321,
            0.2278086096048355
        ],
        [
            -2.8522396434279695,
            -2.795646672063966,
            -0.05897191137244936,
            0.4323909017917734
        ],
        [
            -2.165349040651523,
            -1.7896358328501023,
            0.033499821742998745,
            0.23018487224042272
        ],
        [
            -2.302583630217752,
            -1.6393478603024312,
            -0.0418528711638686,
            0.1542711860572823
        ],
        [
            -3.126183363205356,
            -2.049657033751317,
            -0.1540890575220824,
            0.3001432583292035
        ],
        [
            -5.922162678766788,
            -1.9119057400273622,
            0.13513794630208623,
            -4.272386485862933e-05
        ],
        [
            0.0,
            0.0,
            0.13513794630208623,
            -4.272386485862933e-05
        ]
    ],
    "objectives": [
        155.59815979003906,
        135.61061017388948,
        115.59699193259834,
        105.90385914547184,
        105.5983699880311,
        95.95832380795024,
        95.95832380795024
    ]
}