{
    "network_file": "optimization_cases/single_lane/network_file_1.json",
    "config_file": "optimization_cases/single_lane/config_file.json",
    "ad_method": "backward",
    "upper_speeds": [
        50.0
    ],
    "lower_speeds": [
        20.0
    ],
    "upper_time": 200.0,
    "lower_time": 10.0,
    "n_speeds": [
        1
    ],
    "last_speed_idx": 1,
    "n_cycles": [],
    "control_points": [
        []
    ],
    "parameters": [
        [
            20.0
        ],
        [
            40.0
        ],
        [
            50.0
        ],
        [
            50.0
        ]
    ],
    "gradients": [
        [
            -9.39489459991455
        ],
        [
            -2.348721543742021
        ],
        [
            -1.5031817625098531
        ],
        [
            0.0
        ]
    ],
    "objectives": [
        52.19381332397461,
        26.096906020725932,
        20.87752458706292,
        20.87752458706292
    ]
}