{
    "network_file": "optimization_cases/two_two_junction/network_file.json",
    "config_file": "optimization_cases/two_two_junction/config_file.json",
    "ad_method": "backward",
    "upper_speeds": [
        50.0,
        50.0,
        50.0,
        50.0
    ],
    "lower_speeds": [
        20.0,
        20.0,
        20.0,
        20.0
    ],
    "upper_time": 200.0,
    "lower_time": 10.0,
    "n_speeds": [
        1,
        1,
        1,
        1
    ],
    "last_speed_idx": 4,
    "n_cycles": [
        2
    ],
    "control_points": [
        [],
        [],
        [],
        []
    ],
    "parameters": [
        [
            40.0,
            40.0,
            40.0,
            40.0,
            60.0,
            60.0
        ],
        [
            46.29737041404352,
            50.0,
            34.46018077960777,
            50.0,
            47.45392589851534,
            60.0
        ],
        [
            50.0,
            50.0,
            43.0804616948691,
            50.0,
            27.45392589851534,
            60.0
        ],
        [
            50.0,
            50.0,
            40.5804616948691,
            50.0,
            25.72431911629484,
            60.0
        ],
        [
            50.0,
            50.0,
            41.122804450847354,
            50.0,
            15.72431911629484,
            60.0
        ],
        [
            50.0,
            50.0,
            41.13173842703783,
            50.0,
            13.22431911629484,
            60.0
        ],
        [
            50.0,
            50.0,
            41.13173842703783,
            50.0,
            13.22431911629484,
            60.0
        ]
    ],
    "gradients": [
        [
            -0.8638193011283875,
            -2.3954389095306396,
            0.7599049210548401,
            -2.743428587913513,
            0.478045254945755,
            -4.7253766857535745e-21
        ],
        [
            -0.31936023831546156,
            -2.3355901819358116,
            -0.22402150974797963,
            -1.0010290201466219,
            0.1443762628246786,
            1.3715598544972123e-20
        ],
        [
            -0.6358490638381198,
            -1.4740664639052512,
            0.28408327773120745,
            -1.5280308321924707,
            0.001170154044446651,
            3.3405483553443125e-21
        ],
        [
            -0.45262053850491724,
            -0.9175825610663791,
            -0.267502048078859,
            -1.5236669912343621,
            0.3805820194336518,
            3.137186534832158e-21
        ],
        [
            -0.6398679550656988,
            -1.4998620496692925,
            -0.1846902733413525,
            -1.1566281231349833,
            0.30770123470635424,
            2.504557533859856e-21
        ],
        [
            -0.5767163804553516,
            -0.8501403769223241,
            -0.32430280808904854,
            -1.1411953407263367,
            0.5649530841380263,
            2.5469238269953034e-21
        ],
        [
            0.0,
            0.0,
            -0.0005363375519051321,
            0.0,
            0.5649530841380263,
            2.5469238269953034e-21
        ]
    ],
    "objectives": [
        67.59605407714844,
        58.638848189170446,
        47.08901711671055,
        46.55407836597002,
        41.34149467404422,
        39.907187494890564,
        39.907187494890564
    ]
}