{
    "network_file": "optimization_cases/two_two_junction/network_file.json",
    "config_file": "optimization_cases/two_two_junction/config_file.json",
    "ad_method": "backward",
    "upper_speeds": [
        50.0,
        50.0,
        50.0,
        50.0
    ],
    "lower_speeds": [
        20.0,
        20.0,
        20.0,
        20.0
    ],
    "upper_time": 200.0,
    "lower_time": 10.0,
    "n_speeds": [
        1,
        1,
        1,
        1
    ],
    "last_speed_idx": 4,
    "n_cycles": [
        2
    ],
    "control_points": [
        [],
        [],
        [],
        []
    ],
    "parameters": [
        [
            40.0,
            40.0,
            40.0,
            40.0,
            60.0,
            60.0
        ],
        [
            45.08396130475766,
            50.0,
            39.54751505322504,
            50.0,
            48.07563269883109,
            60.0
        ],
        [
            50.0,
            50.0,
            50.0,
            50.0,
            28.075632698831093,
            60.0
        ],
        [
            50.0,
            50.0,
            50.0,
            50.0,
            18.075632698831093,
            60.0
        ],
        [
            50.0,
            50.0,
            50.0,
            50.0,
            13.075632698831093,
            60.0
        ],
        [
            50.0,
            50.0,
            50.0,
            50.0,
            13.075632698831093,
            60.0
        ]
    ],
    "gradients": [
        [
            -0.366866797208786,
            -1.1977194547653198,
            0.03265203908085823,
            -1.4432320594787598,
            0.2390226274728775,
            -2.3626883428767872e-21
        ],
        [
            -0.12395318044564257,
            -1.011515941853336,
            -0.21125694240603946,
            -0.5237946651780161,
            0.07872060257516142,
            1.9789676223230198e-23
        ],
        [
            -0.21791944300840746,
            -0.4766370428072666,
            -0.18854301947892357,
            -0.7627054824596267,
            0.18861825834878762,
            2.0718768891067588e-22
        ],
        [
            -0.006601893162080843,
            -0.8594564203061806,
            -0.060757408239809775,
            -0.753890777164125,
            0.1888831368634077,
            2.072485339582456e-22
        ],
        [
            -0.3516377304476851,
            -0.5978420750717945,
            -0.026469179109844282,
            -0.637006822367164,
            0.23230141804631796,
            2.0725965826123071e-22
        ],
        [
            0.0,
            0.0,
            0.0,
            0.0,
            0.23230141804631796,
            2.0725965826123071e-22
        ]
    ],
    "objectives": [
        67.59605407714844,
        57.97750660576973,
        46.75828087739563,
        41.78952241310207,
        39.159946141787735,
        39.159946141787735
    ]
}