{
    "network_file": "optimization_cases/two_two_junction/network_file.json",
    "config_file": "optimization_cases/two_two_junction/config_file.json",
    "ad_method": "backward",
    "upper_speeds": [
        50.0,
        50.0,
        50.0,
        50.0
    ],
    "lower_speeds": [
        20.0,
        20.0,
        20.0,
        20.0
    ],
    "upper_time": 200.0,
    "lower_time": 10.0,
    "n_speeds": [
        1,
        1,
        1,
        1
    ],
    "last_speed_idx": 4,
    "n_cycles": [
        2
    ],
    "control_points": [
        [],
        [],
        [],
        []
    ],
    "parameters": [
        [
            40.0,
            40.0,
            40.0,
            40.0,
            60.0,
            60.0
        ],
        [
            45.13736440529636,
            50.0,
            39.757976787799315,
            50.0,
            47.9502705696674,
            60.0
        ],
        [
            48.604749867028154,
            50.0,
            50.0,
            50.0,
            27.950270569667403,
            60.0
        ],
        [
            49.63687596937392,
            50.0,
            50.0,
            50.0,
            17.950270569667403,
            60.0
        ],
        [
            49.836602046338115,
            50.0,
            49.846345313844026,
            50.0,
            12.950270569667403,
            60.0
        ],
        [
            49.836602046338115,
            50.0,
            49.846345313844026,
            50.0,
            12.950270569667403,
            60.0
        ]
    ],
    "gradients": [
        [
            -0.36686602234840393,
            -1.1973575353622437,
            0.017283199355006218,
            -1.4282265901565552,
            0.23902422189712524,
            -2.2477330579001826e-21
        ],
        [
            -0.12174155307994612,
            -0.7235115009554919,
            -0.483749941688385,
            -0.5855554577476358,
            0.19505819846676514,
            2.119104202358997e-21
        ],
        [
            -0.08397806431999667,
            -0.976744651419114,
            -0.21474154663266615,
            -0.45905296370267074,
            0.0627809809174774,
            3.271018297386333e-23
        ],
        [
            -0.11760984149298251,
            -1.2993947890154764,
            0.09048043980104561,
            -0.4221976924893242,
            0.06310610780906581,
            3.271845477614326e-23
        ],
        [
            -0.14005875077024338,
            -0.8389174084784865,
            -0.20447908243625357,
            -0.5301984562562843,
            0.3498070519190253,
            -9.383580453962225e-23
        ],
        [
            -0.00023163156666339106,
            0.0,
            -0.00033817101719191495,
            0.0,
            0.3498070519190253,
            -9.383580453962225e-23
        ]
    ],
    "objectives": [
        67.59602355957031,
        57.831281259093906,
        46.636915852636236,
        41.731274045112094,
        39.06316931856478,
        39.06316931856478
    ]
}