{
    "network_file": "optimization_cases/two_two_junction/network_file.json",
    "config_file": "optimization_cases/two_two_junction/config_file.json",
    "ad_method": "backward",
    "upper_speeds": [
        50.0,
        50.0,
        50.0,
        50.0
    ],
    "lower_speeds": [
        20.0,
        20.0,
        20.0,
        20.0
    ],
    "upper_time": 200.0,
    "lower_time": 10.0,
    "n_speeds": [
        1,
        1,
        1,
        1
    ],
    "last_speed_idx": 4,
    "n_cycles": [
        2
    ],
    "control_points": [
        [],
        [],
        [],
        []
    ],
    "parameters": [
        [
            40.0,
            40.0,
            40.0,
            40.0,
            60.0,
            60.0
        ],
        [
            38.44764421468993,
            50.0,
            44.24765019884546,
            50.0,
            60.0,
            47.48422533960289
        ],
        [
            44.51152923817727,
            50.0,
            50.0,
            50.0,
            60.0,
            27.484225339602887
        ],
        [
            44.603437506317114,
            50.0,
            50.0,
            50.0,
            60.0,
            17.484225339602887
        ],
        [
            44.63339225459187,
            50.0,
            50.0,
            50.0,
            60.0,
            12.484225339602887
        ],
        [
            44.63339225459187,
            50.0,
            50.0,
            50.0,
            60.0,
            12.484225339602887
        ]
    ],
    "gradients": [
        [
            0.21345436573028564,
            -2.7500701546669006,
            -0.5840668019654913,
            -2.12209951877594,
            -4.7253766857535745e-21,
            0.478045254945755
        ],
        [
            -0.14779395544432797,
            -1.0452540800906407,
            -0.2504379215160442,
            -1.401178569205022,
            6.665989164672757e-22,
            0.1354045347274849
        ],
        [
            -0.06435493536986786,
            -2.459695032611709,
            -0.4082155987906024,
            -0.6436336175669297,
            1.13564542644549e-21,
            0.5402842087937461
        ],
        [
            -0.04074553433280656,
            -1.5504739374274452,
            -0.532119966800063,
            -1.26246181797181,
            -4.485982564157492e-23,
            0.14577291727275593
        ],
        [
            -0.07114135469447366,
            -1.7610316173939913,
            -0.5701643275500525,
            -0.8011029823263396,
            2.8060183991695376e-21,
            0.8032020282344683
        ],
        [
            -0.0001176547938048433,
            0.0,
            0.0,
            0.0,
            2.8060183991695376e-21,
            0.8032020282344683
        ]
    ],
    "objectives": [
        67.59605407714844,
        58.02836990356445,
        46.96706771850586,
        41.902591705322266,
        39.34500503540039,
        39.34500503540039
    ]
}