{
    "network_file": "optimization_cases/two_two_junction/network_file.json",
    "config_file": "optimization_cases/two_two_junction/config_file.json",
    "ad_method": "backward",
    "upper_speeds": [
        50.0,
        50.0,
        50.0,
        50.0
    ],
    "lower_speeds": [
        20.0,
        20.0,
        20.0,
        20.0
    ],
    "upper_time": 200.0,
    "lower_time": 10.0,
    "n_speeds": [
        1,
        1,
        1,
        1
    ],
    "last_speed_idx": 4,
    "n_cycles": [
        2
    ],
    "control_points": [
        [],
        [],
        [],
        []
    ],
    "parameters": [
        [
            40.0,
            40.0,
            40.0,
            40.0,
            60.0,
            60.0
        ],
        [
            39.69201371434212,
            50.0,
            39.918819387638344,
            50.0,
            58.778864757986526,
            60.0
        ],
        [
            50.0,
            50.0,
            50.0,
            50.0,
            38.778864757986526,
            60.0
        ],
        [
            48.7176482452948,
            50.0,
            50.0,
            50.0,
            18.778864757986526,
            60.0
        ],
        [
            48.80302040294627,
            50.0,
            50.0,
            50.0,
            13.778864757986526,
            60.0
        ],
        [
            48.80471903084913,
            50.0,
            50.0,
            50.0,
            12.528864757986526,
            60.0
        ],
        [
            48.80471903084913,
            50.0,
            50.0,
            50.0,
            12.528864757986526,
            60.0
        ]
    ],
    "gradients": [
        [
            0.025814585387706757,
            -1.6763464212417603,
            0.006804341450333595,
            -1.2972021102905273,
            0.02843119017779827,
            3.8089819380282535e-22
        ],
        [
            -0.1645342138709655,
            -0.9105092448842385,
            -0.13104392095563586,
            -0.6777403525983579,
            0.052077079442073265,
            7.176026107297601e-22
        ],
        [
            0.03464709036203042,
            -0.9891391424911983,
            -0.017630594347002183,
            -0.9843254610992695,
            0.15010221231292584,
            -3.0130224924500576e-22
        ],
        [
            -0.11967111873028852,
            -0.6009937163517962,
            -0.13088643376736445,
            -0.8142673067337559,
            0.15022271103782037,
            -3.0128391975262136e-22
        ],
        [
            -0.15369300117643842,
            -0.6019861801765676,
            -0.11643830936123126,
            -0.7983168619212342,
            0.18704811957351317,
            -3.012744972744379e-22
        ],
        [
            -0.9333666810374756,
            -1.6828868591782296,
            0.2849591581536041,
            -0.8835355431572585,
            0.17038121890537644,
            3.228589774129507e-23
        ],
        [
            -0.0015436178418782023,
            0.0,
            0.0004712703481589511,
            0.0,
            0.17038121890537644,
            3.228589774129507e-23
        ]
    ],
    "objectives": [
        67.35221099853516,
        63.70720216020699,
        51.93538486997721,
        42.0663195609859,
        39.57588227293103,
        38.81098978541493,
        38.81098978541493
    ]
}