{
    "network_file": "optimization_cases/two_two_junction/network_file.json",
    "config_file": "optimization_cases/two_two_junction/config_file.json",
    "ad_method": "backward",
    "upper_speeds": [
        50.0,
        50.0,
        50.0,
        50.0
    ],
    "lower_speeds": [
        20.0,
        20.0,
        20.0,
        20.0
    ],
    "upper_time": 200.0,
    "lower_time": 10.0,
    "n_speeds": [
        1,
        1,
        1,
        1
    ],
    "last_speed_idx": 4,
    "n_cycles": [
        2
    ],
    "control_points": [
        [],
        [],
        [],
        []
    ],
    "parameters": [
        [
            40.0,
            40.0,
            40.0,
            40.0,
            60.0,
            60.0
        ],
        [
            44.22543576963822,
            50.0,
            42.23908850461471,
            50.0,
            60.0,
            48.10300715353208
        ],
        [
            50.0,
            50.0,
            50.0,
            50.0,
            60.0,
            28.103007153532083
        ]
    ],
    "gradients": [
        [
            -0.3056158125400543,
            -1.4465528726577759,
            -0.16194799542427063,
            -1.0610499382019043,
            -2.3626883428767872e-21,
            0.2390226274728775
        ],
        [
            -0.1454364829383655,
            -0.4862776697268092,
            -0.2092948793170371,
            -0.678989333502672,
            7.315904056350972e-23,
            0.08676926084249147
        ],
        [
            -0.39512842886701066,
            -0.6191303892814203,
            -0.09214690371443636,
            -0.33476646737271576,
            -1.083754360419661e-22,
            0.07226624535684156
        ]
    ],
    "objectives": [
        67.59605407714844,
        57.69834042863892,
        46.8254192041126
    ]
}