{
    "network_file": "kvadraturen_networks/with_e18/network_1.json",
    "config_file": "kvadraturen_networks/with_e18/config_1_1.json",
    "ad_method": "backward",
    "upper_speeds": [
        50.0,
        50.0,
        50.0,
        50.0,
        50.0,
        50.0,
        50.0,
        80.0,
        60.0,
        60.0,
        60.0,
        60.0,
        50.0,
        50.0
    ],
    "lower_speeds": [
        20.0,
        20.0,
        20.0,
        20.0,
        20.0,
        20.0,
        20.0,
        80.0,
        60.0,
        60.0,
        60.0,
        60.0,
        20.0,
        20.0
    ],
    "upper_time": 200.0,
    "lower_time": 10.0,
    "n_speeds": [
        1,
        1,
        1,
        1,
        1,
        1,
        1,
        1,
        1,
        1,
        1,
        1,
        1,
        1
    ],
    "last_speed_idx": 14,
    "n_cycles": [
        2,
        2,
        2,
        2,
        2,
        2,
        2,
        2,
        2,
        2,
        2,
        2,
        2
    ],
    "control_points": [
        [],
        [],
        [],
        [],
        [],
        [],
        [],
        [],
        [],
        [],
        [],
        [],
        [],
        []
    ],
    "parameters": [
        [
            50.0,
            30.0,
            30.0,
            30.0,
            50.0,
            50.0,
            50.0,
            80.0,
            60.0,
            60.0,
            60.0,
            60.0,
            50.0,
            50.0,
            50.0,
            100.0,
            50.0,
            100.0,
            50.0,
            100.0,
            50.0,
            100.0,
            50.0,
            100.0,
            70.0,
            70.0,
            80.0,
            80.0,
            50.0,
            100.0,
            60.0,
            120.0,
            60.0,
            120.0,
            60.0,
            120.0,
            80.0,
            100.0,
            80.0,
            100.0
        ]
    ],
    "gradients": [
        [
            -1.3105918572620112e-09,
            -0.9004604816436768,
            -5.9430460929870605,
            2.149012565612793,
            0.015623044222593307,
            -4.262238741970956e-34,
            0.040105920284986496,
            0.0,
            0.0,
            -0.4985299054533243,
            0.0,
            0.0,
            0.0,
            0.0,
            3.5948208854108543e-09,
            0.0,
            -1.8926324396595362e-10,
            0.0,
            5.233230434284822e-15,
            0.0,
            -2.273461323397101e-20,
            0.0,
            -1.6290811235293825e-26,
            0.0,
            0.0,
            0.0,
            0.0,
            0.0,
            0.0,
            0.0,
            2.187445050224841e-29,
            0.0,
            5.919775591745624e-33,
            0.0,
            2.576252528871302e-17,
            0.0,
            0.0,
            0.0,
            0.0,
            0.0
        ]
    ],
    "objectives": [
        52.202476501464844
    ]
}