{
    "network_file": "kvadraturen_networks/with_e18/network_1_2.json",
    "config_file": "kvadraturen_networks/with_e18/config_1_1.json",
    "ad_method": "backward",
    "upper_speeds": [
        50.0,
        50.0,
        50.0,
        50.0,
        50.0,
        50.0,
        50.0,
        80.0,
        60.0,
        60.0,
        60.0,
        60.0,
        50.0,
        50.0
    ],
    "lower_speeds": [
        20.0,
        20.0,
        20.0,
        20.0,
        20.0,
        20.0,
        20.0,
        70.0,
        40.0,
        40.0,
        40.0,
        40.0,
        20.0,
        20.0
    ],
    "upper_time": 200.0,
    "lower_time": 10.0,
    "n_speeds": [
        1,
        1,
        1,
        1,
        1,
        1,
        1,
        1,
        1,
        1,
        1,
        1,
        1,
        1
    ],
    "last_speed_idx": 14,
    "n_cycles": [
        2,
        2,
        2,
        2,
        2,
        2,
        2,
        2,
        2,
        2,
        2,
        2,
        2
    ],
    "control_points": [
        [],
        [],
        [],
        [],
        [],
        [],
        [],
        [],
        [],
        [],
        [],
        [],
        [],
        []
    ],
    "parameters": [
        [
            40.0,
            40.0,
            40.0,
            40.0,
            40.0,
            40.0,
            40.0,
            80.0,
            60.0,
            60.0,
            60.0,
            60.0,
            40.0,
            40.0,
            50.0,
            100.0,
            50.0,
            100.0,
            50.0,
            100.0,
            50.0,
            100.0,
            50.0,
            100.0,
            70.0,
            70.0,
            80.0,
            80.0,
            50.0,
            100.0,
            60.0,
            120.0,
            60.0,
            120.0,
            60.0,
            120.0,
            80.0,
            100.0,
            80.0,
            100.0
        ],
        [
            38.80035304747451,
            50.0,
            45.93416221335906,
            41.97385016555219,
            40.45729994652174,
            40.00515983940849,
            38.730491140636445,
            80.0,
            60.0,
            60.0,
            59.95411490523728,
            59.94780637383843,
            39.968263199403985,
            39.98084663858486,
            50.000010602323584,
            100.0,
            49.999999962451604,
            100.0,
            49.99999999999994,
            100.0,
            50.0,
            100.0,
            50.0,
            100.0,
            70.0,
            70.0,
            80.0,
            80.0,
            50.0,
            100.0,
            60.0,
            120.0,
            60.0,
            120.0,
            60.0,
            120.0,
            79.99999999999999,
            100.0,
            80.0,
            100.0
        ],
        [
            35.52496822118994,
            50.0,
            50.0,
            44.0101091498963,
            41.00214130823913,
            40.043559068856936,
            40.678862345870705,
            80.0,
            60.0,
            60.0,
            58.77392066790944,
            59.57267100067907,
            39.73919552961178,
            39.67698586300657,
            50.00001093357417,
            100.0,
            49.99999996126935,
            100.0,
            49.99999999999994,
            100.0,
            50.0,
            100.0,
            50.0,
            100.0,
            70.0,
            70.0,
            80.0,
            80.0,
            50.0,
            100.0,
            60.0,
            120.0,
            60.0,
            120.0,
            60.0,
            120.0,
            79.99999999999999,
            100.0,
            80.0,
            100.0
        ],
        [
            20.0,
            50.0,
            50.0,
            44.18975844382349,
            41.051620251849165,
            40.560118885475454,
            40.51186937187368,
            80.0,
            60.0,
            60.0,
            48.90920727523624,
            56.54832439173808,
            37.58227441931807,
            37.043002542359616,
            50.0000109545121,
            100.0,
            49.99999996128894,
            100.0,
            49.99999999999994,
            100.0,
            50.0,
            100.0,
            50.0,
            100.0,
            70.0,
            70.0,
            80.0,
            80.0,
            50.0,
            100.0,
            60.0,
            120.0,
            60.0,
            120.0,
            60.0,
            120.0,
            79.99999999999999,
            100.0,
            80.0,
            100.0
        ],
        [
            20.0,
            49.99998077239002,
            50.0,
            49.49358879244415,
            42.316908071190326,
            37.66272285115052,
            36.2633783188452,
            80.0,
            60.0,
            60.0,
            40.0,
            48.252561057152136,
            28.762797758460742,
            20.0,
            50.0000109545121,
            100.0,
            49.99999996128894,
            100.0,
            49.99999999999994,
            100.0,
            50.0,
            100.0,
            50.0,
            100.0,
            70.0,
            70.0,
            80.0,
            80.0,
            50.0,
            100.0,
            60.0,
            120.0,
            60.0,
            120.0,
            60.0,
            120.0,
            79.99999999999999,
            100.0,
            80.0,
            100.0
        ],
        [
            20.055548745089297,
            49.999980772479674,
            50.0,
            50.0,
            45.297499424841476,
            37.850152900644545,
            50.0,
            80.0,
            60.0,
            60.0,
            40.95560962739849,
            48.565706423166496,
            28.903320898521123,
            20.0,
            50.0000109545121,
            100.0,
            49.99999996128894,
            100.0,
            49.99999999999994,
            100.0,
            50.0,
            100.0,
            50.0,
            100.0,
            70.0,
            70.0,
            80.0,
            80.0,
            50.0,
            100.0,
            60.0,
            120.0,
            60.0,
            120.0,
            60.0,
            120.0,
            79.99999999999999,
            100.0,
            80.0,
            100.0
        ],
        [
            20.055548745089297,
            49.999980772479674,
            50.0,
            50.0,
            45.297499424841476,
            37.850152900644545,
            50.0,
            80.0,
            60.0,
            60.0,
            40.95560962739849,
            48.565706423166496,
            28.903320898521123,
            20.0,
            50.0000109545121,
            100.0,
            49.99999996128894,
            100.0,
            49.99999999999994,
            100.0,
            50.0,
            100.0,
            50.0,
            100.0,
            70.0,
            70.0,
            80.0,
            80.0,
            50.0,
            100.0,
            60.0,
            120.0,
            60.0,
            120.0,
            60.0,
            120.0,
            79.99999999999999,
            100.0,
            80.0,
            100.0
        ]
    ],