{
    "network_file": "kvadraturen_networks/with_e18/network_1_1.json",
    "config_file": "kvadraturen_networks/with_e18/config_1_1.json",
    "ad_method": "backward",
    "upper_speeds": [
        50.0,
        50.0,
        50.0,
        50.0,
        50.0,
        50.0,
        50.0,
        80.0,
        60.0,
        60.0,
        60.0,
        60.0,
        50.0,
        50.0
    ],
    "lower_speeds": [
        20.0,
        20.0,
        20.0,
        20.0,
        20.0,
        20.0,
        20.0,
        70.0,
        40.0,
        40.0,
        40.0,
        40.0,
        20.0,
        20.0
    ],
    "upper_time": 200.0,
    "lower_time": 10.0,
    "n_speeds": [
        1,
        1,
        1,
        1,
        1,
        1,
        1,
        1,
        1,
        1,
        1,
        1,
        1,
        1
    ],
    "last_speed_idx": 14,
    "n_cycles": [
        2,
        2,
        2,
        2,
        2,
        2,
        2,
        2,
        2,
        2,
        2,
        2,
        2
    ],
    "control_points": [
        [],
        [],
        [],
        [],
        [],
        [],
        [],
        [],
        [],
        [],
        [],
        [],
        [],
        []
    ],
    "parameters": [
        [
            50.0,
            30.0,
            30.0,
            30.0,
            50.0,
            50.0,
            50.0,
            80.0,
            60.0,
            60.0,
            60.0,
            60.0,
            50.0,
            50.0,
            50.0,
            100.0,
            50.0,
            100.0,
            50.0,
            100.0,
            50.0,
            100.0,
            50.0,
            100.0,
            70.0,
            70.0,
            80.0,
            80.0,
            50.0,
            100.0,
            60.0,
            120.0,
            60.0,
            120.0,
            60.0,
            120.0,
            80.0,
            100.0,
            80.0,
            100.0
        ],
        [
            50.0,
            30.001465300100403,
            50.0,
            29.952948338460857,
            49.992255764278845,
            50.0,
            49.98451152855769,
            80.0,
            60.0,
            60.0,
            59.11642608071458,
            59.73993124249169,
            49.72439352062923,
            49.72212888772905,
            50.0,
            100.0,
            50.0,
            100.0,
            50.0,
            100.0,
            50.0,
            100.0,
            50.0,
            100.0,
            70.0,
            70.0,
            80.0,
            80.0,
            50.0,
            100.0,
            60.0,
            120.0,
            60.0,
            120.0,
            60.0,
            120.0,
            80.0,
            100.0,
            80.0,
            100.0
        ],
        [
            49.96605856530791,
            30.00136853232467,
            50.0,
            49.95294833846086,
            49.58740028367262,
            50.0,
            49.11253011273124,
            80.0,
            60.0,
            60.0,
            54.04320823435919,
            58.474244689959725,
            48.0063500596635,
            47.874255219806365,
            50.0,
            100.0,
            50.0,
            100.0,
            50.0,
            100.0,
            50.0,
            100.0,
            50.0,
            100.0,
            70.0,
            70.0,
            80.0,
            80.0,
            50.0,
            100.0,
            60.0,
            120.0,
            60.0,
            120.0,
            60.0,
            120.0,
            80.0,
            100.0,
            80.0,
            100.0
        ],
        [
            49.96605856530791,
            30.00136853232467,
            50.0,
            49.95294833846086,
            49.58740028367262,
            50.0,
            49.11253011273124,
            80.0,
            60.0,
            60.0,
            54.04320823435919,
            58.474244689959725,
            48.0063500596635,
            47.874255219806365,
            50.0,
            100.0,
            50.0,
            100.0,
            50.0,
            100.0,
            50.0,
            100.0,
            50.0,
            100.0,
            70.0,
            70.0,
            80.0,
            80.0,
            50.0,
            100.0,
            60.0,
            120.0,
            60.0,
            120.0,
            60.0,
            120.0,
            80.0,
            100.0,
            80.0,
            100.0
        ]
    ],