{
    "network_file": "kvadraturen_networks/with_e18/network_1_1.json",
    "config_file": "kvadraturen_networks/with_e18/config_1_1.json",
    "ad_method": "backward",
    "upper_speeds": [
        50.0,
        50.0,
        50.0,
        50.0,
        50.0,
        50.0,
        50.0,
        80.0,
        60.0,
        60.0,
        60.0,
        60.0,
        50.0,
        50.0
    ],
    "lower_speeds": [
        20.0,
        20.0,
        20.0,
        20.0,
        20.0,
        20.0,
        20.0,
        70.0,
        40.0,
        40.0,
        40.0,
        40.0,
        20.0,
        20.0
    ],
    "upper_time": 200.0,
    "lower_time": 10.0,
    "n_speeds": [
        1,
        1,
        1,
        1,
        1,
        1,
        1,
        1,
        1,
        1,
        1,
        1,
        1,
        1
    ],
    "last_speed_idx": 14,
    "n_cycles": [
        2,
        2,
        2,
        2,
        2,
        2,
        2,
        2,
        2,
        2,
        2,
        2,
        2
    ],
    "control_points": [
        [],
        [],
        [],
        [],
        [],
        [],
        [],
        [],
        [],
        [],
        [],
        [],
        [],
        []
    ],
    "parameters": [
        [
            50.0,
            30.0,
            30.0,
            30.0,
            50.0,
            50.0,
            50.0,
            80.0,
            60.0,
            60.0,
            60.0,
            60.0,
            50.0,
            50.0,
            50.0,
            100.0,
            50.0,
            100.0,
            50.0,
            100.0,
            50.0,
            100.0,
            50.0,
            100.0,
            70.0,
            70.0,
            80.0,
            80.0,
            50.0,
            100.0,
            60.0,
            120.0,
            60.0,
            120.0,
            60.0,
            120.0,
            80.0,
            100.0,
            80.0,
            100.0
        ],
        [
            50.0,
            36.55958253247128,
            50.0,
            26.463182930363928,
            49.889215157041704,
            50.0,
            49.73406450973839,
            80.0,
            60.0,
            59.99941044108004,
            60.0,
            60.0,
            50.0,
            50.0,
            50.00013089676065,
            100.0,
            49.99999720823837,
            100.0,
            50.00000000000972,
            100.0,
            50.000000000089386,
            100.0,
            50.000000000216005,
            100.0,
            70.00000000048237,
            70.0,
            80.0,
            80.0,
            50.00000000118385,
            100.0,
            60.0,
            120.0,
            60.0,
            120.0,
            60.0,
            120.0,
            80.00000000000021,
            100.0,
            80.00000000000068,
            100.0
        ],
        [
            50.0,
            50.0,
            50.0,
            26.17413133573415,
            49.81925572283588,
            50.0,
            49.54854214108133,
            80.0,
            60.0,
            60.0,
            60.0,
            60.0,
            50.0,
            50.0,
            50.00013089653047,
            100.0,
            49.99999720895244,
            100.0,
            50.000000000467686,
            100.0,
            50.00000000086755,
            100.0,
            50.00000000021863,
            100.0,
            70.0000000004824,
            70.0,
            80.0,
            80.0,
            50.000000001203304,
            100.0,
            60.0,
            120.0,
            60.0,
            120.0,
            60.0,
            120.0,
            80.00000000000021,
            100.0,
            80.00000000000068,
            100.0
        ],
        [
            50.0,
            50.0,
            50.0,
            46.174131335734145,
            48.77161418414319,
            50.0,
            46.69093212987531,
            80.0,
            60.0,
            60.0,
            60.0,
            60.0,
            50.0,
            50.0,
            50.00013089652427,
            100.0,
            49.99999720922554,
            100.0,
            50.000000001310305,
            100.0,
            50.00000000319718,
            100.0,
            50.00000000021863,
            100.0,
            70.0000000004824,
            70.0,
            80.0,
            80.0,
            50.00000000120331,
            100.0,
            60.0,
            120.0,
            60.0,
            120.0,
            60.0,
            120.0,
            80.00000000000021,
            100.0,
            80.00000000000068,
            100.0
        ],
        [
            50.0,
            50.0,
            50.0,
            46.174131335734145,
            48.77161418414319,
            50.0,
            46.69093212987531,
            80.0,
            60.0,
            60.0,
            60.0,
            60.0,
            50.0,
            50.0,
            50.00013089652427,
            100.0,
            49.99999720922554,
            100.0,
            50.000000001310305,
            100.0,
            50.00000000319718,
            100.0,
            50.00000000021863,
            100.0,
            70.0000000004824,
            70.0,
            80.0,
            80.0,
            50.00000000120331,
            100.0,
            60.0,
            120.0,
            60.0,
            120.0,
            60.0,
            120.0,
            80.00000000000021,
            100.0,
            80.00000000000068,
            100.0
        ]
    ],