{
    "network_file": "kvadraturen_networks/with_e18/network_1.json",
    "config_file": "kvadraturen_networks/with_e18/config_1_1.json",
    "ad_method": "restarting",
    "upper_speeds": [
        50.0,
        50.0,
        50.0,
        50.0,
        50.0,
        50.0,
        50.0,
        80.0,
        60.0,
        60.0,
        60.0,
        60.0,
        50.0,
        50.0
    ],
    "lower_speeds": [
        20.0,
        20.0,
        20.0,
        20.0,
        20.0,
        20.0,
        20.0,
        80.0,
        60.0,
        60.0,
        60.0,
        60.0,
        20.0,
        20.0
    ],
    "upper_time": 200.0,
    "lower_time": 10.0,
    "n_speeds": [
        1,
        1,
        1,
        1,
        1,
        1,
        1,
        1,
        1,
        1,
        1,
        1,
        1,
        1
    ],
    "last_speed_idx": 14,
    "n_cycles": [
        2,
        2,
        2,
        2,
        2,
        2,
        2,
        2,
        2,
        2,
        2,
        2,
        2
    ],
    "control_points": [
        [],
        [],
        [],
        [],
        [],
        [],
        [],
        [],
        [],
        [],
        [],
        [],
        [],
        []
    ],
    "parameters": [
        [
            50.0,
            30.0,
            30.0,
            30.0,
            50.0,
            50.0,
            50.0,
            80.0,
            60.0,
            60.0,
            60.0,
            60.0,
            50.0,
            50.0,
            50.0,
            100.0,
            50.0,
            100.0,
            50.0,
            100.0,
            50.0,
            100.0,
            50.0,
            100.0,
            70.0,
            70.0,
            80.0,
            80.0,
            50.0,
            100.0,
            60.0,
            120.0,
            60.0,
            120.0,
            60.0,
            120.0,
            80.0,
            100.0,
            80.0,
            100.0
        ],
        [
            50.0,
            48.37931943260858,
            50.0,
            33.04865643239135,
            49.911520067988,
            49.012929573009714,
            49.731161914742465,
            80.0,
            60.0,
            60.0,
            60.0,
            60.0,
            50.0,
            50.0,
            50.00000000000076,
            100.0,
            50.000000005549964,
            100.0,
            49.99999999923711,
            100.0,
            50.000000001422336,
            100.0,
            50.000000000000476,
            100.0,
            70.0,
            70.0,
            80.0,
            80.0,
            50.0,
            100.0,
            60.0,
            120.0,
            60.0,
            120.0,
            60.0,
            120.0,
            80.0,
            100.0,
            80.0,
            100.0
        ],
        [
            50.0,
            50.0,
            50.0,
            40.576965061959044,
            49.81876759651875,
            49.012929573009714,
            49.37827074419049,
            80.0,
            60.0,
            60.0,
            60.0,
            60.0,
            50.0,
            50.0,
            50.000000000000696,
            100.0,
            50.000000005549964,
            100.0,
            49.99999999923711,
            100.0,
            50.000000001422336,
            100.0,
            50.000000000000476,
            100.0,
            70.0,
            70.0,
            80.0,
            80.0,
            50.0,
            100.0,
            60.0,
            120.0,
            60.0,
            120.0,
            60.0,
            120.0,
            80.0,
            100.0,
            80.0,
            100.0
        ],
        [
            50.0,
            50.0,
            50.0,
            50.0,
            48.89489110818952,
            49.012929573009714,
            46.73511685761868,
            80.0,
            60.0,
            60.0,
            60.0,
            60.0,
            50.0,
            50.0,
            50.00000000000102,
            100.0,
            50.000000005549964,
            100.0,
            49.99999999923711,
            100.0,
            50.000000001422336,
            100.0,
            50.000000000000476,
            100.0,
            70.0,
            70.0,
            80.0,
            80.0,
            50.0,
            100.0,
            60.0,
            120.0,
            60.0,
            120.0,
            60.0,
            120.0,
            80.0,
            100.0,
            80.0,
            100.0
        ],
        [
            50.0,
            50.0,
            50.0,
            50.0,
            48.89489110818952,
            49.012929573009714,
            46.73511685761868,
            80.0,
            60.0,
            60.0,
            60.0,
            60.0,
            50.0,
            50.0,
            50.00000000000102,
            100.0,
            50.000000005549964,
            100.0,
            49.99999999923711,
            100.0,
            50.000000001422336,
            100.0,
            50.000000000000476,
            100.0,
            70.0,
            70.0,
            80.0,
            80.0,
            50.0,
            100.0,
            60.0,
            120.0,
            60.0,
            120.0,
            60.0,
            120.0,
            80.0,
            100.0,
            80.0,
            100.0
        ]
    ],