{
    "network_file": "kvadraturen_networks/with_e18/network_1.json",
    "config_file": "kvadraturen_networks/with_e18/config_1_1.json",
    "ad_method": "forward",
    "upper_speeds": [
        50.0,
        50.0,
        50.0,
        50.0,
        50.0,
        50.0,
        50.0,
        80.0,
        60.0,
        60.0,
        60.0,
        60.0,
        50.0,
        50.0
    ],
    "lower_speeds": [
        20.0,
        20.0,
        20.0,
        20.0,
        20.0,
        20.0,
        20.0,
        80.0,
        60.0,
        60.0,
        60.0,
        60.0,
        20.0,
        20.0
    ],
    "upper_time": 200.0,
    "lower_time": 10.0,
    "n_speeds": [
        1,
        1,
        1,
        1,
        1,
        1,
        1,
        1,
        1,
        1,
        1,
        1,
        1,
        1
    ],
    "last_speed_idx": 14,
    "n_cycles": [
        2,
        2,
        2,
        2,
        2,
        2,
        2,
        2,
        2,
        2,
        2,
        2,
        2
    ],
    "control_points": [
        [],
        [],
        [],
        [],
        [],
        [],
        [],
        [],
        [],
        [],
        [],
        [],
        [],
        []
    ],
    "parameters": [
        [
            50.0,
            30.0,
            30.0,
            30.0,
            50.0,
            50.0,
            50.0,
            80.0,
            60.0,
            60.0,
            60.0,
            60.0,
            50.0,
            50.0,
            50.0,
            100.0,
            50.0,
            100.0,
            50.0,
            100.0,
            50.0,
            100.0,
            50.0,
            100.0,
            70.0,
            70.0,
            80.0,
            80.0,
            50.0,
            100.0,
            60.0,
            120.0,
            60.0,
            120.0,
            60.0,
            120.0,
            80.0,
            100.0,
            80.0,
            100.0
        ],
        [
            50.0,
            30.00146484375,
            50.0,
            29.952939987182617,
            49.99225616455078,
            50.0,
            49.98451232910156,
            80.0,
            60.0,
            60.0,
            60.0,
            60.0,
            50.0,
            48.04791259765625,
            50.0,
            100.0,
            50.0,
            100.0,
            50.0,
            100.0,
            50.0,
            100.0,
            50.0,
            100.0,
            70.0,
            70.0,
            80.0,
            80.0,
            50.0,
            100.0,
            60.0,
            120.0,
            60.0,
            120.0,
            60.0,
            120.0,
            80.0,
            100.0,
            80.0,
            100.0
        ],
        [
            49.936180114746094,
            30.001256942749023,
            50.0,
            49.95294189453125,
            49.550960540771484,
            50.0,
            49.038612365722656,
            80.0,
            60.0,
            60.0,
            60.0,
            60.0,
            50.0,
            36.686683654785156,
            50.0,
            100.0,
            50.0,
            100.0,
            50.0,
            100.0,
            50.0,
            100.0,
            50.0,
            100.0,
            70.0,
            70.0,
            80.0,
            80.0,
            50.0,
            100.0,
            60.0,
            120.0,
            60.0,
            120.0,
            60.0,
            120.0,
            80.0,
            100.0,
            80.0,
            100.0
        ],
        [
            49.92769241333008,
            30.00128746032715,
            50.0,
            50.0,
            48.79244613647461,
            50.0,
            47.642127990722656,
            80.0,
            60.0,
            60.0,
            60.0,
            60.0,
            50.0,
            38.46723175048828,
            50.0,
            100.0,
            50.0,
            100.0,
            50.0,
            100.0,
            50.0,
            100.0,
            50.0,
            100.0,
            70.0,
            70.0,
            80.0,
            80.0,
            50.0,
            100.0,
            60.0,
            120.0,
            60.0,
            120.0,
            60.0,
            120.0,
            80.0,
            100.0,
            80.0,
            100.0
        ],
        [
            49.92769241333008,
            30.00128746032715,
            50.0,
            50.0,
            48.79244613647461,
            50.0,
            47.642127990722656,
            80.0,
            60.0,
            60.0,
            60.0,
            60.0,
            50.0,
            38.46723175048828,
            50.0,
            100.0,
            50.0,
            100.0,
            50.0,
            100.0,
            50.0,
            100.0,
            50.0,
            100.0,
            70.0,
            70.0,
            80.0,
            80.0,
            50.0,
            100.0,
            60.0,
            120.0,
            60.0,
            120.0,
            60.0,
            120.0,
            80.0,
            100.0,
            80.0,
            100.0
        ]
    ],