{
    "network_file": "kvadraturen_networks/with_e18/network_1_2.json",
    "config_file": "kvadraturen_networks/with_e18/config_1_1.json",
    "ad_method": "forward",
    "upper_speeds": [
        50.0,
        50.0,
        50.0,
        50.0,
        50.0,
        50.0,
        50.0,
        80.0,
        60.0,
        60.0,
        60.0,
        60.0,
        50.0,
        50.0
    ],
    "lower_speeds": [
        20.0,
        20.0,
        20.0,
        20.0,
        20.0,
        20.0,
        20.0,
        70.0,
        40.0,
        40.0,
        40.0,
        40.0,
        20.0,
        20.0
    ],
    "upper_time": 200.0,
    "lower_time": 10.0,
    "n_speeds": [
        1,
        1,
        1,
        1,
        1,
        1,
        1,
        1,
        1,
        1,
        1,
        1,
        1,
        1
    ],
    "last_speed_idx": 14,
    "n_cycles": [
        2,
        2,
        2,
        2,
        2,
        2,
        2,
        2,
        2,
        2,
        2,
        2,
        2
    ],
    "control_points": [
        [],
        [],
        [],
        [],
        [],
        [],
        [],
        [],
        [],
        [],
        [],
        [],
        [],
        []
    ],
    "parameters": [
        [
            40.0,
            40.0,
            40.0,
            40.0,
            40.0,
            40.0,
            40.0,
            80.0,
            60.0,
            60.0,
            60.0,
            60.0,
            40.0,
            40.0,
            50.0,
            100.0,
            50.0,
            100.0,
            50.0,
            100.0,
            50.0,
            100.0,
            50.0,
            100.0,
            70.0,
            70.0,
            80.0,
            80.0,
            50.0,
            100.0,
            60.0,
            120.0,
            60.0,
            120.0,
            60.0,
            120.0,
            80.0,
            100.0,
            80.0,
            100.0
        ],
        [
            39.83616256713867,
            50.0,
            50.0,
            49.40584182739258,
            40.698001861572266,
            40.069339752197266,
            50.0,
            80.0,
            59.96084213256836,
            59.96084213256836,
            60.0,
            60.0,
            39.36309051513672,
            40.0,
            50.0,
            100.0,
            50.0,
            100.0,
            50.0,
            100.0,
            50.0,
            100.0,
            50.0,
            100.0,
            70.0,
            70.0,
            80.0,
            80.0,
            50.0,
            100.0,
            60.0,
            120.0,
            60.0,
            120.0,
            60.0,
            120.0,
            80.0,
            100.0,
            80.0,
            100.0
        ],
        [
            39.76448059082031,
            50.0,
            50.0,
            50.0,
            39.6556510925293,
            39.896148681640625,
            47.85414505004883,
            80.0,
            59.96057891845703,
            59.96057891845703,
            60.0,
            60.0,
            39.01806640625,
            40.0,
            50.0,
            100.0,
            50.0,
            100.0,
            50.0,
            100.0,
            50.0,
            100.0,
            50.0,
            100.0,
            70.0,
            70.0,
            80.0,
            80.0,
            50.0,
            100.0,
            60.0,
            120.0,
            60.0,
            120.0,
            60.0,
            120.0,
            80.0,
            100.0,
            80.0,
            100.0
        ],
        [
            39.76448059082031,
            50.0,
            50.0,
            50.0,
            39.6556510925293,
            39.896148681640625,
            47.85414505004883,
            80.0,
            59.96057891845703,
            59.96057891845703,
            60.0,
            60.0,
            39.01806640625,
            40.0,
            50.0,
            100.0,
            50.0,
            100.0,
            50.0,
            100.0,
            50.0,
            100.0,
            50.0,
            100.0,
            70.0,
            70.0,
            80.0,
            80.0,
            50.0,
            100.0,
            60.0,
            120.0,
            60.0,
            120.0,
            60.0,
            120.0,
            80.0,
            100.0,
            80.0,
            100.0
        ]
    ],