{"0": {"0.0": 0, "0.5999999642372131": 8.333333015441895, "1.1999999284744263": 8.333333969116211, "1.7999999523162842": 16.47142791748047, "2.3999998569488525": 24.51484489440918, "2.999999761581421": 32.642547607421875, "3.5999996662139893": 40.7122917175293, "4.199999809265137": 48.835289001464844, "4.799999713897705": 56.90985870361328, "5.0": 59.6370735168457, "5.599999904632568": 67.80819702148438, "6.199999809265137": 75.9404067993164, "6.799999713897705": 84.10771942138672, "7.399999618530273": 92.24488830566406, "7.999999523162842": 100.41283416748047, "8.59999942779541": 108.58792877197266, "9.199999809265137": 116.7997817993164, "9.800000190734863": 124.97245788574219, "10.0": 127.70814514160156}}