{"0": {"0.0": 0, "0.5999999642372131": 8.333333015441895, "1.1999999284744263": 8.333333969116211, "1.7999999523162842": 16.47142791748047, "2.3999998569488525": 24.51484489440918, "2.999999761581421": 32.642547607421875, "3.5999996662139893": 40.7122917175293, "4.199999809265137": 48.835289001464844, "4.799999713897705": 56.90985870361328, "5.0": 59.6370735168457, "5.599999904632568": 67.80819702148438, "6.199999809265137": 75.9404067993164, "6.799999713897705": 84.10771942138672, "7.399999618530273": 92.24488830566406, "7.999999523162842": 100.41283416748047, "8.59999942779541": 108.58792877197266, "9.199999809265137": 116.7997817993164, "9.800000190734863": 124.97245788574219, "10.0": 127.70814514160156, "10.600000381469727": 135.90089416503906, "11.200000762939453": 144.08544921875, "11.80000114440918": 152.2701416015625, "12.400001525878906": 157.1365203857422, "13.000001907348633": 162.0093231201172, "13.60000228881836": 166.87049865722656, "14.200002670288086": 171.716552734375, "14.800003051757812": 176.56370544433594, "15.400003433227539": 181.41358947753906, "16.000003814697266": 186.26248168945312, "16.600004196166992": 191.11062622070312, "17.20000457763672": 195.96372985839844, "17.800004959106445": 200.81626892089844, "18.400005340576172": 205.67135620117188, "19.0000057220459": 210.52674865722656, "19.600006103515625": 215.38404846191406, "20.20000648498535": 220.2432403564453, "20.800006866455078": 225.1026611328125, "21.400007247924805": 229.96620178222656, "22.00000762939453": 234.82704162597656, "22.600008010864258": 239.6884307861328, "23.200008392333984": 244.5565185546875, "23.80000877380371": 249.4161376953125, "24.400009155273438": 254.2553253173828, "25.000009536743164": 259.1460266113281, "25.60000991821289": 264.0398864746094, "26.200010299682617": 268.9233093261719, "26.800010681152344": 273.8014221191406, "27.40001106262207": 278.6814270019531, "28.000011444091797": 283.5605773925781, "28.600011825561523": 288.43878173828125, "29.20001220703125": 293.3173828125, "29.800012588500977": 298.1974182128906, "30.400012969970703": 303.0780944824219, "31.00001335144043": 307.9591369628906, "31.600013732910156": 312.8418884277344, "32.20001220703125": 317.7243347167969, "32.800010681152344": 322.60791015625, "33.40000915527344": 327.49261474609375, "33.99992370605469": 332.37701416015625, "34.58598327636719": 337.1475830078125, "35.16475296020508": 341.861083984375, "35.74034118652344": 346.5529479980469, "36.31639099121094": 351.2362976074219, "36.89604568481445": 355.5837097167969, "37.48116683959961": 359.9721374511719, "38.07042694091797": 364.3915710449219, "38.66205596923828": 368.82879638671875, "39.25699234008789": 373.29083251953125, "39.854461669921875": 377.7718505859375, "40.45308303833008": 382.2615051269531, "41.05216979980469": 386.7546691894531, "41.651424407958984": 391.24908447265625, "42.25075149536133": 395.7440490722656, "42.850154876708984": 400.23956298828125, "43.44967269897461": 404.7359313964844, "44.04933166503906": 409.2333679199219, "44.649112701416016": 413.7317199707031, "45.248985290527344": 418.2307434082031, "45.84891891479492": 422.7302551269531, "46.43667984008789": 427.1384582519531, "47.01644515991211": 431.4866943359375, "47.594696044921875": 435.8235778808594, "48.17680740356445": 440.1894226074219, "48.764732360839844": 444.598876953125, "49.35657501220703": 449.0376892089844, "49.95086669921875": 453.494873046875, "50.0": 454.1554260253906, "50.59645462036133": 462.1744384765625, "51.19368362426758": 470.2042541503906, "51.79143524169922": 478.2408447265625, "52.38958740234375": 486.2837829589844, "52.98866271972656": 494.3381652832031, "53.588191986083984": 502.39971923828125, "54.18792724609375": 510.3128967285156, "54.787750244140625": 518.2272338867188, "55.0": 521.0277709960938, "55.59994888305664": 528.9437866210938, "56.19990158081055": 536.8573608398438, "56.79985046386719": 544.4788818359375, "57.39982604980469": 550.0, "57.999813079833984": 550.0, "58.59980773925781": 550.0, "59.199806213378906": 550.0, "59.7998046875": 550.0, "60.0": 550.0, "60.599998474121094": 550.0, "61.19999694824219": 550.0, "61.79999542236328": 550.0, "62.399993896484375": 550.0, "62.99999237060547": 550.0, "63.59999084472656": 550.0, "64.19977569580078": 550.0, "64.79944610595703": 550.0, "65.0": 551.6620483398438, "65.5999984741211": 559.0487060546875, "66.19999694824219": 566.5673217773438, "66.79999542236328": 573.9413452148438, "67.39999389648438": 581.414794921875, "67.99999237060547": 588.8460083007812, "68.59999084472656": 596.3314208984375, "69.19998931884766": 603.7106323242188, "69.79998779296875": 611.309814453125, "70.0": 613.855224609375, "70.5999984741211": 621.4639892578125, "71.19999694824219": 629.0762939453125, "71.79999542236328": 636.694580078125, "72.39999389648438": 644.3260498046875, "72.99999237060547": 650.0, "73.59999084472656": 650.0, "74.19998931884766": 650.0, "74.79998779296875": 650.0, "75.39998626708984": 650.0, "75.99998474121094": 650.0, "76.59998321533203": 650.0, "77.19998168945312": 650.0, "77.79998016357422": 650.0, "78.39997863769531": 650.0, "78.9999771118164": 650.0, "79.5999755859375": 650.0, "80.1999740600586": 650.0, "80.79997253417969": 650.0, "81.39997100830078": 650.0, "81.99996948242188": 650.0, "82.59996795654297": 650.0, "83.19996643066406": 650.0, "83.79996490478516": 650.0, "84.39996337890625": 650.0, "84.99996185302734": 650.0, "85.59996032714844": 650.0, "86.19995880126953": 650.0, "86.79995727539062": 650.0, "87.39995574951172": 650.0, "87.99995422363281": 650.0, "88.5999526977539": 650.0, "89.199951171875": 650.0, "89.7999496459961": 650.0, "90.39994812011719": 650.0, "90.99994659423828": 650.0, "91.59994506835938": 650.0, "92.19994354248047": 650.0, "92.79994201660156": 650.0, "93.39994049072266": 650.0, "93.99993896484375": 650.0, "94.59993743896484": 650.0, "95.19993591308594": 650.0, "95.79993438720703": 650.0, "96.39993286132812": 650.0, "96.99993133544922": 650.0, "97.59992980957031": 650.0, "98.1999282836914": 650.0, "98.7999267578125": 650.0, "99.3999252319336": 650.0, "99.99992370605469": 650.0, "100.0": 650.0, "100.5999984741211": 650.0, "101.19999694824219": 650.0, "101.79999542236328": 650.0, "102.39999389648438": 650.0, "102.99999237060547": 650.0, "103.59999084472656": 650.0, "104.19998931884766": 650.0, "104.79998779296875": 650.0, "105.0": 650.0, "105.5999984741211": 650.0, "106.19999694824219": 650.0, "106.79999542236328": 650.0, "107.39999389648438": 650.0, "107.99999237060547": 650.0, "108.59999084472656": 650.0, "109.19998931884766": 650.0, "109.79998779296875": 650.0, "110.0": 650.0, "110.5999984741211": 650.0, "111.19999694824219": 650.0, "111.79999542236328": 650.0, "112.39999389648438": 650.0, "112.99999237060547": 650.0, "113.59999084472656": 650.0, "114.19998931884766": 650.0, "114.79998779296875": 650.0, "115.39998626708984": 650.0, "115.99998474121094": 650.0, "116.59998321533203": 650.0, "117.19998168945312": 650.0, "117.79998016357422": 650.0, "118.39997863769531": 650.0, "118.9999771118164": 650.0, "119.5999755859375": 650.0, "120.0": 650.0, "120.5999984741211": 650.0, "121.19999694824219": 650.0, "121.79999542236328": 650.0, "122.39999389648438": 650.0, "122.99999237060547": 650.0, "123.59999084472656": 650.0, "124.19998931884766": 650.0, "124.79998779296875": 650.0, "125.0": 650.0, "125.5999984741211": 650.0, "126.19999694824219": 650.0, "126.79999542236328": 650.0, "127.39999389648438": 650.0, "127.99999237060547": 650.0, "128.59999084472656": 650.0, "129.1999969482422": 650.0, "129.8000030517578": 650.0, "130.0": 650.0, "130.60000610351562": 650.0, "131.20001220703125": 650.0, "131.80001831054688": 650.0, "132.4000244140625": 650.0, "133.00003051757812": 650.0, "133.5998992919922": 650.0, "134.19943237304688": 650.0, "134.798828125": 650.0, "135.3840789794922": 650.0, "135.9693603515625": 650.0, "136.55848693847656": 650.0, "137.15306091308594": 650.0, "137.75013732910156": 650.0, "138.3483428955078": 650.0,