{
    "T" : 150,
    "N" : 3,
    "speed_limits" : [
        [50.0],
        [50.0],
        [50.0],
        [50.0],
        [50.0],
        [50.0],
        [49.65873385],
        [50.0]
    ],
    "lower_speed_limit" : [
        20.0,
        20.0,
        20.0,
        20.0,
        20.0,
        20.0,
        20.0,
        20.0
    ],
    "upper_speed_limit" : [
        50.0,
        50.0,
        50.0,
        50.0,
        50.0,
        50.0,
        50.0,
        50.0
    ],
    "control_points" : [
        [],
        [],
        [],
        [],
        [],
        [],
        [],
        [],
        []
    ],
    "cycle_times" : [
        [109.9781099, 10.0]
    ],
    "lower_cycle_time" : 10.0,
    "upper_cycle_time" : 200.0
}